<?xml version="1.0" encoding="UTF-8"?>
<kml xmlns="http://www.opengis.net/kml/2.2">
  <Document>
    <name><![CDATA[Itinéraires panneaux d'affichages - 4ème circo 44]]></name>
    <description/>
    <Style id="icon-1899-0288D1-normal">
      <IconStyle>
        <color>ffd18802</color>
        <scale>1</scale>
        <Icon>
          <href>https://www.gstatic.com/mapspro/images/stock/503-wht-blank_maps.png</href>
        </Icon>
        <hotSpot x="32" xunits="pixels" y="64" yunits="insetPixels"/>
      </IconStyle>
      <LabelStyle>
        <scale>0</scale>
      </LabelStyle>
    </Style>
    <Style id="icon-1899-0288D1-highlight">
      <IconStyle>
        <color>ffd18802</color>
        <scale>1</scale>
        <Icon>
          <href>https://www.gstatic.com/mapspro/images/stock/503-wht-blank_maps.png</href>
        </Icon>
        <hotSpot x="32" xunits="pixels" y="64" yunits="insetPixels"/>
      </IconStyle>
      <LabelStyle>
        <scale>1</scale>
      </LabelStyle>
    </Style>
    <StyleMap id="icon-1899-0288D1">
      <Pair>
        <key>normal</key>
        <styleUrl>#icon-1899-0288D1-normal</styleUrl>
      </Pair>
      <Pair>
        <key>highlight</key>
        <styleUrl>#icon-1899-0288D1-highlight</styleUrl>
      </Pair>
    </StyleMap>
    <Style id="icon-1899-DB4436-nodesc-normal">
      <IconStyle>
        <color>ff3644db</color>
        <scale>1</scale>
        <Icon>
          <href>https://www.gstatic.com/mapspro/images/stock/503-wht-blank_maps.png</href>
        </Icon>
        <hotSpot x="32" xunits="pixels" y="64" yunits="insetPixels"/>
      </IconStyle>
      <LabelStyle>
        <scale>0</scale>
      </LabelStyle>
      <BalloonStyle>
        <text><![CDATA[<h3>$[name]</h3>]]></text>
      </BalloonStyle>
    </Style>
    <Style id="icon-1899-DB4436-nodesc-highlight">
      <IconStyle>
        <color>ff3644db</color>
        <scale>1</scale>
        <Icon>
          <href>https://www.gstatic.com/mapspro/images/stock/503-wht-blank_maps.png</href>
        </Icon>
        <hotSpot x="32" xunits="pixels" y="64" yunits="insetPixels"/>
      </IconStyle>
      <LabelStyle>
        <scale>1</scale>
      </LabelStyle>
      <BalloonStyle>
        <text><![CDATA[<h3>$[name]</h3>]]></text>
      </BalloonStyle>
    </Style>
    <StyleMap id="icon-1899-DB4436-nodesc">
      <Pair>
        <key>normal</key>
        <styleUrl>#icon-1899-DB4436-nodesc-normal</styleUrl>
      </Pair>
      <Pair>
        <key>highlight</key>
        <styleUrl>#icon-1899-DB4436-nodesc-highlight</styleUrl>
      </Pair>
    </StyleMap>
    <Style id="line-1267FF-5000-nodesc-normal">
      <LineStyle>
        <color>ffff6712</color>
        <width>5</width>
      </LineStyle>
      <BalloonStyle>
        <text><![CDATA[<h3>$[name]</h3>]]></text>
      </BalloonStyle>
    </Style>
    <Style id="line-1267FF-5000-nodesc-highlight">
      <LineStyle>
        <color>ffff6712</color>
        <width>7.5</width>
      </LineStyle>
      <BalloonStyle>
        <text><![CDATA[<h3>$[name]</h3>]]></text>
      </BalloonStyle>
    </Style>
    <StyleMap id="line-1267FF-5000-nodesc">
      <Pair>
        <key>normal</key>
        <styleUrl>#line-1267FF-5000-nodesc-normal</styleUrl>
      </Pair>
      <Pair>
        <key>highlight</key>
        <styleUrl>#line-1267FF-5000-nodesc-highlight</styleUrl>
      </Pair>
    </StyleMap>
    <Folder>
      <name><![CDATA[Panneaux d'affichage libre]]></name>
      <Placemark>
        <name>Route de Vertou</name>
        <description><![CDATA[Numéro inventaire Nantes Métropole: AL_NM_13_0010<br>Nom de la commune: Nantes<br>Nom du quartier: Nantes Sud<br>Nom du pôle: Nantes Centralité<br>Couleur RAL: 7035<br>Géolocalisation: 47.18642779899135, -1.527866676082913<br>Complément d'adresse: Angle Rue de Sèvre<br>Statut: Monté<br>globalid: 63fed085-e962-480d-8778-c418ee318aad<br>Secteur: Secteur 1]]></description>
        <styleUrl>#icon-1899-0288D1</styleUrl>
        <ExtendedData>
          <Data name="Numéro inventaire Nantes Métropole">
            <value>AL_NM_13_0010</value>
          </Data>
          <Data name="Nom de la commune">
            <value>Nantes</value>
          </Data>
          <Data name="Nom du quartier">
            <value>Nantes Sud</value>
          </Data>
          <Data name="Nom du pôle">
            <value>Nantes Centralité</value>
          </Data>
          <Data name="Couleur RAL">
            <value>7035</value>
          </Data>
          <Data name="Géolocalisation">
            <value>47.18642779899135, -1.527866676082913</value>
          </Data>
          <Data name="Complément d'adresse">
            <value>Angle Rue de Sèvre</value>
          </Data>
          <Data name="Statut">
            <value>Monté</value>
          </Data>
          <Data name="globalid">
            <value>63fed085-e962-480d-8778-c418ee318aad</value>
          </Data>
          <Data name="Secteur">
            <value>Secteur 1</value>
          </Data>
        </ExtendedData>
        <Point>
          <coordinates>
            -1.52786667608291,47.1864277989914,0
          </coordinates>
        </Point>
      </Placemark>
      <Placemark>
        <name>Rue du Château de Rezé</name>
        <description><![CDATA[Numéro inventaire Nantes Métropole: AL_NM_15_0005<br>Nom de la commune: Rezé<br>Nom du quartier: Château de Rezé<br>Nom du pôle: Loire, Sèvre et Vignoble<br>Couleur RAL: 7035<br>Géolocalisation: 47.18073779074695, -1.5598572967290887<br>Complément d'adresse: face Rue Maurice Utrillo<br>Statut: Monté<br>globalid: 50c3f5dc-4a59-41d8-9999-e85823138239<br>Secteur: Secteur 1]]></description>
        <styleUrl>#icon-1899-0288D1</styleUrl>
        <ExtendedData>
          <Data name="Numéro inventaire Nantes Métropole">
            <value>AL_NM_15_0005</value>
          </Data>
          <Data name="Nom de la commune">
            <value>Rezé</value>
          </Data>
          <Data name="Nom du quartier">
            <value>Château de Rezé</value>
          </Data>
          <Data name="Nom du pôle">
            <value>Loire, Sèvre et Vignoble</value>
          </Data>
          <Data name="Couleur RAL">
            <value>7035</value>
          </Data>
          <Data name="Géolocalisation">
            <value>47.18073779074695, -1.5598572967290887</value>
          </Data>
          <Data name="Complément d'adresse">
            <value>face Rue Maurice Utrillo</value>
          </Data>
          <Data name="Statut">
            <value>Monté</value>
          </Data>
          <Data name="globalid">
            <value>50c3f5dc-4a59-41d8-9999-e85823138239</value>
          </Data>
          <Data name="Secteur">
            <value>Secteur 1</value>
          </Data>
        </ExtendedData>
        <Point>
          <coordinates>
            -1.55985729672909,47.180737790747,0
          </coordinates>
        </Point>
      </Placemark>
      <Placemark>
        <name>Rue Georges Guynemer</name>
        <description><![CDATA[Numéro inventaire Nantes Métropole: AL_NM_03_0023<br>Nom de la commune: Bouguenais<br>Nom du quartier: Couëts<br>Nom du pôle: Sud-Ouest<br>Couleur RAL: Bleu<br>Géolocalisation: 47.18231780600635, -1.5797400626879938<br>Complément d'adresse: Ecole du Fougan De Mer<br>Statut: Monté<br>globalid: cb501fba-7d99-4436-a8e5-677695e0e0bf<br>Secteur: Secteur 3]]></description>
        <styleUrl>#icon-1899-0288D1</styleUrl>
        <ExtendedData>
          <Data name="Numéro inventaire Nantes Métropole">
            <value>AL_NM_03_0023</value>
          </Data>
          <Data name="Nom de la commune">
            <value>Bouguenais</value>
          </Data>
          <Data name="Nom du quartier">
            <value>Couëts</value>
          </Data>
          <Data name="Nom du pôle">
            <value>Sud-Ouest</value>
          </Data>
          <Data name="Couleur RAL">
            <value>Bleu</value>
          </Data>
          <Data name="Géolocalisation">
            <value>47.18231780600635, -1.5797400626879938</value>
          </Data>
          <Data name="Complément d'adresse">
            <value>Ecole du Fougan De Mer</value>
          </Data>
          <Data name="Statut">
            <value>Monté</value>
          </Data>
          <Data name="globalid">
            <value>cb501fba-7d99-4436-a8e5-677695e0e0bf</value>
          </Data>
          <Data name="Secteur">
            <value>Secteur 3</value>
          </Data>
        </ExtendedData>
        <Point>
          <coordinates>
            -1.57974006268799,47.1823178060064,0
          </coordinates>
        </Point>
      </Placemark>
      <Placemark>
        <name>Rue Pasteur</name>
        <description><![CDATA[Numéro inventaire Nantes Métropole: AL_NM_03_0024<br>Nom de la commune: Bouguenais<br>Nom du quartier: Couëts<br>Nom du pôle: Sud-Ouest<br>Couleur RAL: Noir<br>Géolocalisation: 47.185854199699406, -1.580681586112867<br>Complément d'adresse: angle Rue Georges Guynemer<br>Statut: Monté<br>globalid: ff9f279e-232c-4779-a9f2-b06df09590ec<br>Secteur: Secteur 3]]></description>
        <styleUrl>#icon-1899-0288D1</styleUrl>
        <ExtendedData>
          <Data name="Numéro inventaire Nantes Métropole">
            <value>AL_NM_03_0024</value>
          </Data>
          <Data name="Nom de la commune">
            <value>Bouguenais</value>
          </Data>
          <Data name="Nom du quartier">
            <value>Couëts</value>
          </Data>
          <Data name="Nom du pôle">
            <value>Sud-Ouest</value>
          </Data>
          <Data name="Couleur RAL">
            <value>Noir</value>
          </Data>
          <Data name="Géolocalisation">
            <value>47.185854199699406, -1.580681586112867</value>
          </Data>
          <Data name="Complément d'adresse">
            <value>angle Rue Georges Guynemer</value>
          </Data>
          <Data name="Statut">
            <value>Monté</value>
          </Data>
          <Data name="globalid">
            <value>ff9f279e-232c-4779-a9f2-b06df09590ec</value>
          </Data>
          <Data name="Secteur">
            <value>Secteur 3</value>
          </Data>
        </ExtendedData>
        <Point>
          <coordinates>
            -1.58068158611287,47.1858541996994,0
          </coordinates>
        </Point>
      </Placemark>
      <Placemark>
        <name>Route de la Gendronnerie</name>
        <description><![CDATA[Numéro inventaire Nantes Métropole: AL_NM_16_0005<br>Nom de la commune: Saint-Aignan de Grand Lieu<br>Nom du quartier: <br>Nom du pôle: Sud-Ouest<br>Couleur RAL: Gris<br>Géolocalisation: 47.12692946096883, -1.6402558623750356<br>Complément d'adresse: Au 26<br>Statut: Monté<br>globalid: 9f778807-9079-48b6-a9fd-de58024dddfb<br>Secteur: Secteur 3]]></description>
        <styleUrl>#icon-1899-0288D1</styleUrl>
        <ExtendedData>
          <Data name="Numéro inventaire Nantes Métropole">
            <value>AL_NM_16_0005</value>
          </Data>
          <Data name="Nom de la commune">
            <value>Saint-Aignan de Grand Lieu</value>
          </Data>
          <Data name="Nom du quartier">
            <value/>
          </Data>
          <Data name="Nom du pôle">
            <value>Sud-Ouest</value>
          </Data>
          <Data name="Couleur RAL">
            <value>Gris</value>
          </Data>
          <Data name="Géolocalisation">
            <value>47.12692946096883, -1.6402558623750356</value>
          </Data>
          <Data name="Complément d'adresse">
            <value>Au 26</value>
          </Data>
          <Data name="Statut">
            <value>Monté</value>
          </Data>
          <Data name="globalid">
            <value>9f778807-9079-48b6-a9fd-de58024dddfb</value>
          </Data>
          <Data name="Secteur">
            <value>Secteur 3</value>
          </Data>
        </ExtendedData>
        <Point>
          <coordinates>
            -1.64025586237504,47.1269294609688,0
          </coordinates>
        </Point>
      </Placemark>
      <Placemark>
        <name>Rue du Stade</name>
        <description><![CDATA[Numéro inventaire Nantes Métropole: AL_NM_02_0003<br>Nom de la commune: Bouaye<br>Nom du quartier: <br>Nom du pôle: Sud-Ouest<br>Couleur RAL: Gris<br>Géolocalisation: 47.14892861685692, -1.6952379642293995<br>Complément d'adresse: au 1<br>Statut: Monté<br>globalid: ebba5bf9-1f60-44d6-aa49-41348436da15<br>Secteur: Secteur 3]]></description>
        <styleUrl>#icon-1899-0288D1</styleUrl>
        <ExtendedData>
          <Data name="Numéro inventaire Nantes Métropole">
            <value>AL_NM_02_0003</value>
          </Data>
          <Data name="Nom de la commune">
            <value>Bouaye</value>
          </Data>
          <Data name="Nom du quartier">
            <value/>
          </Data>
          <Data name="Nom du pôle">
            <value>Sud-Ouest</value>
          </Data>
          <Data name="Couleur RAL">
            <value>Gris</value>
          </Data>
          <Data name="Géolocalisation">
            <value>47.14892861685692, -1.6952379642293995</value>
          </Data>
          <Data name="Complément d'adresse">
            <value>au 1</value>
          </Data>
          <Data name="Statut">
            <value>Monté</value>
          </Data>
          <Data name="globalid">
            <value>ebba5bf9-1f60-44d6-aa49-41348436da15</value>
          </Data>
          <Data name="Secteur">
            <value>Secteur 3</value>
          </Data>
        </ExtendedData>
        <Point>
          <coordinates>
            -1.6952379642294,47.1489286168569,0
          </coordinates>
        </Point>
      </Placemark>
      <Placemark>
        <name>Avenue de Plaisance</name>
        <description><![CDATA[Numéro inventaire Nantes Métropole: AL_NM_02_0005<br>Nom de la commune: Bouaye<br>Nom du quartier: <br>Nom du pôle: Sud-Ouest<br>Couleur RAL: Gris<br>Géolocalisation: 47.14196111408274, -1.6894121668585595<br>Complément d'adresse: angle Madeleine Joret<br>Statut: Monté<br>globalid: 39468d2a-2d83-4287-bf33-b8aec75c3ff7<br>Secteur: Secteur 3]]></description>
        <styleUrl>#icon-1899-0288D1</styleUrl>
        <ExtendedData>
          <Data name="Numéro inventaire Nantes Métropole">
            <value>AL_NM_02_0005</value>
          </Data>
          <Data name="Nom de la commune">
            <value>Bouaye</value>
          </Data>
          <Data name="Nom du quartier">
            <value/>
          </Data>
          <Data name="Nom du pôle">
            <value>Sud-Ouest</value>
          </Data>
          <Data name="Couleur RAL">
            <value>Gris</value>
          </Data>
          <Data name="Géolocalisation">
            <value>47.14196111408274, -1.6894121668585595</value>
          </Data>
          <Data name="Complément d'adresse">
            <value>angle Madeleine Joret</value>
          </Data>
          <Data name="Statut">
            <value>Monté</value>
          </Data>
          <Data name="globalid">
            <value>39468d2a-2d83-4287-bf33-b8aec75c3ff7</value>
          </Data>
          <Data name="Secteur">
            <value>Secteur 3</value>
          </Data>
        </ExtendedData>
        <Point>
          <coordinates>
            -1.68941216685856,47.1419611140827,0
          </coordinates>
        </Point>
      </Placemark>
      <Placemark>
        <name>Rue de la Libération</name>
        <description><![CDATA[Numéro inventaire Nantes Métropole: AL_NM_20_0006<br>Nom de la commune: Saint-Sébastien-sur-Loire<br>Nom du quartier: <br>Nom du pôle: Loire, Sèvre et Vignoble<br>Couleur RAL: 7035<br>Géolocalisation: 47.20042261437373, -1.526547684218069<br>Complément d'adresse: au 2 angle Rue de la Fonderie<br>Statut: Monté<br>globalid: 6a521754-252e-47fe-b140-d2fdf95f509e<br>Secteur: Secteur 1]]></description>
        <styleUrl>#icon-1899-0288D1</styleUrl>
        <ExtendedData>
          <Data name="Numéro inventaire Nantes Métropole">
            <value>AL_NM_20_0006</value>
          </Data>
          <Data name="Nom de la commune">
            <value>Saint-Sébastien-sur-Loire</value>
          </Data>
          <Data name="Nom du quartier">
            <value/>
          </Data>
          <Data name="Nom du pôle">
            <value>Loire, Sèvre et Vignoble</value>
          </Data>
          <Data name="Couleur RAL">
            <value>7035</value>
          </Data>
          <Data name="Géolocalisation">
            <value>47.20042261437373, -1.526547684218069</value>
          </Data>
          <Data name="Complément d'adresse">
            <value>au 2 angle Rue de la Fonderie</value>
          </Data>
          <Data name="Statut">
            <value>Monté</value>
          </Data>
          <Data name="globalid">
            <value>6a521754-252e-47fe-b140-d2fdf95f509e</value>
          </Data>
          <Data name="Secteur">
            <value>Secteur 1</value>
          </Data>
        </ExtendedData>
        <Point>
          <coordinates>
            -1.52654768421807,47.2004226143737,0
          </coordinates>
        </Point>
      </Placemark>
      <Placemark>
        <name>Quai Léon Sécher</name>
        <description><![CDATA[Numéro inventaire Nantes Métropole: AL_NM_15_0020<br>Nom de la commune: Rezé<br>Nom du quartier: Blordière<br>Nom du pôle: Loire, Sèvre et Vignoble<br>Couleur RAL: 7035<br>Géolocalisation: 47.1827777787857, -1.5317382935519341<br>Complément d'adresse: Pont de la Morinère<br>Statut: Monté<br>globalid: 919239a0-372a-4614-a330-4f6341c641bd<br>Secteur: Secteur 1]]></description>
        <styleUrl>#icon-1899-0288D1</styleUrl>
        <ExtendedData>
          <Data name="Numéro inventaire Nantes Métropole">
            <value>AL_NM_15_0020</value>
          </Data>
          <Data name="Nom de la commune">
            <value>Rezé</value>
          </Data>
          <Data name="Nom du quartier">
            <value>Blordière</value>
          </Data>
          <Data name="Nom du pôle">
            <value>Loire, Sèvre et Vignoble</value>
          </Data>
          <Data name="Couleur RAL">
            <value>7035</value>
          </Data>
          <Data name="Géolocalisation">
            <value>47.1827777787857, -1.5317382935519341</value>
          </Data>
          <Data name="Complément d'adresse">
            <value>Pont de la Morinère</value>
          </Data>
          <Data name="Statut">
            <value>Monté</value>
          </Data>
          <Data name="globalid">
            <value>919239a0-372a-4614-a330-4f6341c641bd</value>
          </Data>
          <Data name="Secteur">
            <value>Secteur 1</value>
          </Data>
        </ExtendedData>
        <Point>
          <coordinates>
            -1.53173829355193,47.1827777787857,0
          </coordinates>
        </Point>
      </Placemark>
      <Placemark>
        <name>Rue de la Gourdonnière</name>
        <description><![CDATA[Numéro inventaire Nantes Métropole: AL_NM_15_0024<br>Nom de la commune: Rezé<br>Nom du quartier: Ragon<br>Nom du pôle: Loire, Sèvre et Vignoble<br>Couleur RAL: 7035<br>Géolocalisation: 47.16351110492611, -1.5539395523760289<br>Complément d'adresse: angle Rue du Genetais<br>Statut: Monté<br>globalid: 842f0d29-e9ff-42bc-b979-89e6aaaba2b1<br>Secteur: Secteur 1]]></description>
        <styleUrl>#icon-1899-0288D1</styleUrl>
        <ExtendedData>
          <Data name="Numéro inventaire Nantes Métropole">
            <value>AL_NM_15_0024</value>
          </Data>
          <Data name="Nom de la commune">
            <value>Rezé</value>
          </Data>
          <Data name="Nom du quartier">
            <value>Ragon</value>
          </Data>
          <Data name="Nom du pôle">
            <value>Loire, Sèvre et Vignoble</value>
          </Data>
          <Data name="Couleur RAL">
            <value>7035</value>
          </Data>
          <Data name="Géolocalisation">
            <value>47.16351110492611, -1.5539395523760289</value>
          </Data>
          <Data name="Complément d'adresse">
            <value>angle Rue du Genetais</value>
          </Data>
          <Data name="Statut">
            <value>Monté</value>
          </Data>
          <Data name="globalid">
            <value>842f0d29-e9ff-42bc-b979-89e6aaaba2b1</value>
          </Data>
          <Data name="Secteur">
            <value>Secteur 1</value>
          </Data>
        </ExtendedData>
        <Point>
          <coordinates>
            -1.55393955237603,47.1635111049261,0
          </coordinates>
        </Point>
      </Placemark>
      <Placemark>
        <name>Allée de Touraine</name>
        <description><![CDATA[Numéro inventaire Nantes Métropole: AL_NM_15_0025<br>Nom de la commune: Rezé<br>Nom du quartier: Château de Rezé<br>Nom du pôle: Loire, Sèvre et Vignoble<br>Couleur RAL: 7035<br>Géolocalisation: 47.18603816105117, -1.5559957483466569<br>Complément d'adresse: à côté de commissariat<br>Statut: Monté<br>globalid: b1e19fbe-9ef3-410a-b881-adf8918e8956<br>Secteur: Secteur 1]]></description>
        <styleUrl>#icon-1899-0288D1</styleUrl>
        <ExtendedData>
          <Data name="Numéro inventaire Nantes Métropole">
            <value>AL_NM_15_0025</value>
          </Data>
          <Data name="Nom de la commune">
            <value>Rezé</value>
          </Data>
          <Data name="Nom du quartier">
            <value>Château de Rezé</value>
          </Data>
          <Data name="Nom du pôle">
            <value>Loire, Sèvre et Vignoble</value>
          </Data>
          <Data name="Couleur RAL">
            <value>7035</value>
          </Data>
          <Data name="Géolocalisation">
            <value>47.18603816105117, -1.5559957483466569</value>
          </Data>
          <Data name="Complément d'adresse">
            <value>à côté de commissariat</value>
          </Data>
          <Data name="Statut">
            <value>Monté</value>
          </Data>
          <Data name="globalid">
            <value>b1e19fbe-9ef3-410a-b881-adf8918e8956</value>
          </Data>
          <Data name="Secteur">
            <value>Secteur 1</value>
          </Data>
        </ExtendedData>
        <Point>
          <coordinates>
            -1.55599574834666,47.1860381610512,0
          </coordinates>
        </Point>
      </Placemark>
      <Placemark>
        <name>Rue des Sencives</name>
        <description><![CDATA[Numéro inventaire Nantes Métropole: AL_NM_03_0019<br>Nom de la commune: Bouguenais<br>Nom du quartier: Villages Centre Sud Est<br>Nom du pôle: Sud-Ouest<br>Couleur RAL: Gris<br>Géolocalisation: 47.17410478583115, -1.6026781895874613<br>Complément d'adresse: angle Chemin des Bazins<br>Statut: Monté<br>globalid: 3a2d2e2d-3fc3-4780-9e6c-1a79bf009caf<br>Secteur: Secteur 3]]></description>
        <styleUrl>#icon-1899-0288D1</styleUrl>
        <ExtendedData>
          <Data name="Numéro inventaire Nantes Métropole">
            <value>AL_NM_03_0019</value>
          </Data>
          <Data name="Nom de la commune">
            <value>Bouguenais</value>
          </Data>
          <Data name="Nom du quartier">
            <value>Villages Centre Sud Est</value>
          </Data>
          <Data name="Nom du pôle">
            <value>Sud-Ouest</value>
          </Data>
          <Data name="Couleur RAL">
            <value>Gris</value>
          </Data>
          <Data name="Géolocalisation">
            <value>47.17410478583115, -1.6026781895874613</value>
          </Data>
          <Data name="Complément d'adresse">
            <value>angle Chemin des Bazins</value>
          </Data>
          <Data name="Statut">
            <value>Monté</value>
          </Data>
          <Data name="globalid">
            <value>3a2d2e2d-3fc3-4780-9e6c-1a79bf009caf</value>
          </Data>
          <Data name="Secteur">
            <value>Secteur 3</value>
          </Data>
        </ExtendedData>
        <Point>
          <coordinates>
            -1.60267818958746,47.1741047858311,0
          </coordinates>
        </Point>
      </Placemark>
      <Placemark>
        <name>Rue Jean Baptiste Robert</name>
        <description><![CDATA[Numéro inventaire Nantes Métropole: AL_NM_20_0007<br>Nom de la commune: Saint-Sébastien-sur-Loire<br>Nom du quartier: <br>Nom du pôle: Loire, Sèvre et Vignoble<br>Couleur RAL: 7035<br>Géolocalisation: 47.2094104876523, -1.5090769715852839<br>Complément d'adresse: angle Rue des Becques<br>Statut: Monté<br>globalid: c6c71242-1e12-4054-a940-f62729281c38<br>Secteur: Secteur 1]]></description>
        <styleUrl>#icon-1899-0288D1</styleUrl>
        <ExtendedData>
          <Data name="Numéro inventaire Nantes Métropole">
            <value>AL_NM_20_0007</value>
          </Data>
          <Data name="Nom de la commune">
            <value>Saint-Sébastien-sur-Loire</value>
          </Data>
          <Data name="Nom du quartier">
            <value/>
          </Data>
          <Data name="Nom du pôle">
            <value>Loire, Sèvre et Vignoble</value>
          </Data>
          <Data name="Couleur RAL">
            <value>7035</value>
          </Data>
          <Data name="Géolocalisation">
            <value>47.2094104876523, -1.5090769715852839</value>
          </Data>
          <Data name="Complément d'adresse">
            <value>angle Rue des Becques</value>
          </Data>
          <Data name="Statut">
            <value>Monté</value>
          </Data>
          <Data name="globalid">
            <value>c6c71242-1e12-4054-a940-f62729281c38</value>
          </Data>
          <Data name="Secteur">
            <value>Secteur 1</value>
          </Data>
        </ExtendedData>
        <Point>
          <coordinates>
            -1.50907697158528,47.2094104876523,0
          </coordinates>
        </Point>
      </Placemark>
      <Placemark>
        <name>Rue Célestin Freinet</name>
        <description><![CDATA[Numéro inventaire Nantes Métropole: AL_NM_03_0002<br>Nom de la commune: Bouguenais<br>Nom du quartier: Couëts<br>Nom du pôle: Sud-Ouest<br>Couleur RAL: Gris<br>Géolocalisation: 47.18106581430991, -1.58796217133379<br>Complément d'adresse: Centre Baptiste Marcet<br>Statut: Monté<br>globalid: ccd2a565-c8c4-47fa-8ecc-aea3617a3087<br>Secteur: Secteur 3]]></description>
        <styleUrl>#icon-1899-0288D1</styleUrl>
        <ExtendedData>
          <Data name="Numéro inventaire Nantes Métropole">
            <value>AL_NM_03_0002</value>
          </Data>
          <Data name="Nom de la commune">
            <value>Bouguenais</value>
          </Data>
          <Data name="Nom du quartier">
            <value>Couëts</value>
          </Data>
          <Data name="Nom du pôle">
            <value>Sud-Ouest</value>
          </Data>
          <Data name="Couleur RAL">
            <value>Gris</value>
          </Data>
          <Data name="Géolocalisation">
            <value>47.18106581430991, -1.58796217133379</value>
          </Data>
          <Data name="Complément d'adresse">
            <value>Centre Baptiste Marcet</value>
          </Data>
          <Data name="Statut">
            <value>Monté</value>
          </Data>
          <Data name="globalid">
            <value>ccd2a565-c8c4-47fa-8ecc-aea3617a3087</value>
          </Data>
          <Data name="Secteur">
            <value>Secteur 3</value>
          </Data>
        </ExtendedData>
        <Point>
          <coordinates>
            -1.58796217133379,47.1810658143099,0
          </coordinates>
        </Point>
      </Placemark>
      <Placemark>
        <name>Rue de la Pierre</name>
        <description><![CDATA[Numéro inventaire Nantes Métropole: AL_NM_03_0013<br>Nom de la commune: Bouguenais<br>Nom du quartier: Couëts<br>Nom du pôle: Sud-Ouest<br>Couleur RAL: Gris<br>Géolocalisation: 47.184100619464765, -1.5977502868015914<br>Complément d'adresse: angle Rue Rosenberg<br>Statut: Monté<br>globalid: 1ef3596d-e52a-44f7-850e-43ec266b0f13<br>Secteur: Secteur 3]]></description>
        <styleUrl>#icon-1899-0288D1</styleUrl>
        <ExtendedData>
          <Data name="Numéro inventaire Nantes Métropole">
            <value>AL_NM_03_0013</value>
          </Data>
          <Data name="Nom de la commune">
            <value>Bouguenais</value>
          </Data>
          <Data name="Nom du quartier">
            <value>Couëts</value>
          </Data>
          <Data name="Nom du pôle">
            <value>Sud-Ouest</value>
          </Data>
          <Data name="Couleur RAL">
            <value>Gris</value>
          </Data>
          <Data name="Géolocalisation">
            <value>47.184100619464765, -1.5977502868015914</value>
          </Data>
          <Data name="Complément d'adresse">
            <value>angle Rue Rosenberg</value>
          </Data>
          <Data name="Statut">
            <value>Monté</value>
          </Data>
          <Data name="globalid">
            <value>1ef3596d-e52a-44f7-850e-43ec266b0f13</value>
          </Data>
          <Data name="Secteur">
            <value>Secteur 3</value>
          </Data>
        </ExtendedData>
        <Point>
          <coordinates>
            -1.59775028680159,47.1841006194648,0
          </coordinates>
        </Point>
      </Placemark>
      <Placemark>
        <name>Rue des Roseaux</name>
        <description><![CDATA[Numéro inventaire Nantes Métropole: AL_NM_03_0018<br>Nom de la commune: Bouguenais<br>Nom du quartier: Villages Nord Ouest<br>Nom du pôle: Sud-Ouest<br>Couleur RAL: Gris<br>Géolocalisation: 47.187802380073904, -1.6657724357673338<br>Complément d'adresse: face au 10 angle Rue de la Voute<br>Statut: Monté<br>globalid: 9a42ca39-1833-4aff-b6a2-93e71058b822<br>Secteur: Secteur 3]]></description>
        <styleUrl>#icon-1899-0288D1</styleUrl>
        <ExtendedData>
          <Data name="Numéro inventaire Nantes Métropole">
            <value>AL_NM_03_0018</value>
          </Data>
          <Data name="Nom de la commune">
            <value>Bouguenais</value>
          </Data>
          <Data name="Nom du quartier">
            <value>Villages Nord Ouest</value>
          </Data>
          <Data name="Nom du pôle">
            <value>Sud-Ouest</value>
          </Data>
          <Data name="Couleur RAL">
            <value>Gris</value>
          </Data>
          <Data name="Géolocalisation">
            <value>47.187802380073904, -1.6657724357673338</value>
          </Data>
          <Data name="Complément d'adresse">
            <value>face au 10 angle Rue de la Voute</value>
          </Data>
          <Data name="Statut">
            <value>Monté</value>
          </Data>
          <Data name="globalid">
            <value>9a42ca39-1833-4aff-b6a2-93e71058b822</value>
          </Data>
          <Data name="Secteur">
            <value>Secteur 3</value>
          </Data>
        </ExtendedData>
        <Point>
          <coordinates>
            -1.66577243576733,47.1878023800739,0
          </coordinates>
        </Point>
      </Placemark>
      <Placemark>
        <name>Rue des Drouards</name>
        <description><![CDATA[Numéro inventaire Nantes Métropole: AL_NM_03_0017<br>Nom de la commune: Bouguenais<br>Nom du quartier: Villages Centre Sud Est<br>Nom du pôle: Sud-Ouest<br>Couleur RAL: Gris<br>Géolocalisation: 47.1571469087917, -1.568105093156752<br>Complément d'adresse: au 124 Après Village de Bel Air<br>Statut: Monté<br>globalid: d31403ae-48a8-4219-b8d2-74d249dc011c<br>Secteur: Secteur 3]]></description>
        <styleUrl>#icon-1899-0288D1</styleUrl>
        <ExtendedData>
          <Data name="Numéro inventaire Nantes Métropole">
            <value>AL_NM_03_0017</value>
          </Data>
          <Data name="Nom de la commune">
            <value>Bouguenais</value>
          </Data>
          <Data name="Nom du quartier">
            <value>Villages Centre Sud Est</value>
          </Data>
          <Data name="Nom du pôle">
            <value>Sud-Ouest</value>
          </Data>
          <Data name="Couleur RAL">
            <value>Gris</value>
          </Data>
          <Data name="Géolocalisation">
            <value>47.1571469087917, -1.568105093156752</value>
          </Data>
          <Data name="Complément d'adresse">
            <value>au 124 Après Village de Bel Air</value>
          </Data>
          <Data name="Statut">
            <value>Monté</value>
          </Data>
          <Data name="globalid">
            <value>d31403ae-48a8-4219-b8d2-74d249dc011c</value>
          </Data>
          <Data name="Secteur">
            <value>Secteur 3</value>
          </Data>
        </ExtendedData>
        <Point>
          <coordinates>
            -1.56810509315675,47.1571469087917,0
          </coordinates>
        </Point>
      </Placemark>
      <Placemark>
        <name>Rue de Pornic</name>
        <description><![CDATA[Numéro inventaire Nantes Métropole: AL_NM_02_0001<br>Nom de la commune: Bouaye<br>Nom du quartier: <br>Nom du pôle: Sud-Ouest<br>Couleur RAL: Gris<br>Géolocalisation: 47.14355101864015, -1.6958232923291188<br>Complément d'adresse: Au 26<br>Statut: Monté<br>globalid: c3c345b1-c3ee-40dc-95c3-eced055953fc<br>Secteur: Secteur 3]]></description>
        <styleUrl>#icon-1899-0288D1</styleUrl>
        <ExtendedData>
          <Data name="Numéro inventaire Nantes Métropole">
            <value>AL_NM_02_0001</value>
          </Data>
          <Data name="Nom de la commune">
            <value>Bouaye</value>
          </Data>
          <Data name="Nom du quartier">
            <value/>
          </Data>
          <Data name="Nom du pôle">
            <value>Sud-Ouest</value>
          </Data>
          <Data name="Couleur RAL">
            <value>Gris</value>
          </Data>
          <Data name="Géolocalisation">
            <value>47.14355101864015, -1.6958232923291188</value>
          </Data>
          <Data name="Complément d'adresse">
            <value>Au 26</value>
          </Data>
          <Data name="Statut">
            <value>Monté</value>
          </Data>
          <Data name="globalid">
            <value>c3c345b1-c3ee-40dc-95c3-eced055953fc</value>
          </Data>
          <Data name="Secteur">
            <value>Secteur 3</value>
          </Data>
        </ExtendedData>
        <Point>
          <coordinates>
            -1.69582329232912,47.1435510186402,0
          </coordinates>
        </Point>
      </Placemark>
      <Placemark>
        <name><![CDATA[Route de l'Halbrandière]]></name>
        <description><![CDATA[Numéro inventaire Nantes Métropole: AL_NM_16_0001<br>Nom de la commune: Saint-Aignan de Grand Lieu<br>Nom du quartier: <br>Nom du pôle: Sud-Ouest<br>Couleur RAL: Gris<br>Géolocalisation: 47.12073838776285, -1.6178641745920923<br>Complément d'adresse: Au 3 bis<br>Statut: Monté<br>globalid: f07fcfe8-7fc0-447b-8e5b-2c7a2058b949<br>Secteur: Secteur 3]]></description>
        <styleUrl>#icon-1899-0288D1</styleUrl>
        <ExtendedData>
          <Data name="Numéro inventaire Nantes Métropole">
            <value>AL_NM_16_0001</value>
          </Data>
          <Data name="Nom de la commune">
            <value>Saint-Aignan de Grand Lieu</value>
          </Data>
          <Data name="Nom du quartier">
            <value/>
          </Data>
          <Data name="Nom du pôle">
            <value>Sud-Ouest</value>
          </Data>
          <Data name="Couleur RAL">
            <value>Gris</value>
          </Data>
          <Data name="Géolocalisation">
            <value>47.12073838776285, -1.6178641745920923</value>
          </Data>
          <Data name="Complément d'adresse">
            <value>Au 3 bis</value>
          </Data>
          <Data name="Statut">
            <value>Monté</value>
          </Data>
          <Data name="globalid">
            <value>f07fcfe8-7fc0-447b-8e5b-2c7a2058b949</value>
          </Data>
          <Data name="Secteur">
            <value>Secteur 3</value>
          </Data>
        </ExtendedData>
        <Point>
          <coordinates>
            -1.61786417459209,47.1207383877628,0
          </coordinates>
        </Point>
      </Placemark>
      <Placemark>
        <name>Rue Charles Lindbergh</name>
        <description><![CDATA[Numéro inventaire Nantes Métropole: AL_NM_16_0003<br>Nom de la commune: Bouguenais<br>Nom du quartier: Villages Centre Sud Est<br>Nom du pôle: Sud-Ouest<br>Couleur RAL: Gris<br>Géolocalisation: 47.155082377474116, -1.5984402769631472<br>Complément d'adresse: Face rue Antoine de St Exupéry<br>Statut: Monté<br>globalid: ce628bf1-8d0b-447e-99ba-996cc6cb4ad7<br>Secteur: Secteur 3]]></description>
        <styleUrl>#icon-1899-0288D1</styleUrl>
        <ExtendedData>
          <Data name="Numéro inventaire Nantes Métropole">
            <value>AL_NM_16_0003</value>
          </Data>
          <Data name="Nom de la commune">
            <value>Bouguenais</value>
          </Data>
          <Data name="Nom du quartier">
            <value>Villages Centre Sud Est</value>
          </Data>
          <Data name="Nom du pôle">
            <value>Sud-Ouest</value>
          </Data>
          <Data name="Couleur RAL">
            <value>Gris</value>
          </Data>
          <Data name="Géolocalisation">
            <value>47.155082377474116, -1.5984402769631472</value>
          </Data>
          <Data name="Complément d'adresse">
            <value>Face rue Antoine de St Exupéry</value>
          </Data>
          <Data name="Statut">
            <value>Monté</value>
          </Data>
          <Data name="globalid">
            <value>ce628bf1-8d0b-447e-99ba-996cc6cb4ad7</value>
          </Data>
          <Data name="Secteur">
            <value>Secteur 3</value>
          </Data>
        </ExtendedData>
        <Point>
          <coordinates>
            -1.59844027696315,47.1550823774741,0
          </coordinates>
        </Point>
      </Placemark>
      <Placemark>
        <name>Rue de la Gilarderie</name>
        <description><![CDATA[Numéro inventaire Nantes Métropole: AL_NM_13_0006<br>Nom de la commune: Nantes<br>Nom du quartier: Nantes Sud<br>Nom du pôle: Nantes Centralité<br>Couleur RAL: 7035<br>Géolocalisation: 47.18730067407968, -1.5188021258988593<br>Complément d'adresse: Au 152 bis<br>Statut: Monté<br>globalid: 742bb1ef-6537-4939-b9e2-6ebe07c2debb<br>Secteur: Secteur 1]]></description>
        <styleUrl>#icon-1899-0288D1</styleUrl>
        <ExtendedData>
          <Data name="Numéro inventaire Nantes Métropole">
            <value>AL_NM_13_0006</value>
          </Data>
          <Data name="Nom de la commune">
            <value>Nantes</value>
          </Data>
          <Data name="Nom du quartier">
            <value>Nantes Sud</value>
          </Data>
          <Data name="Nom du pôle">
            <value>Nantes Centralité</value>
          </Data>
          <Data name="Couleur RAL">
            <value>7035</value>
          </Data>
          <Data name="Géolocalisation">
            <value>47.18730067407968, -1.5188021258988593</value>
          </Data>
          <Data name="Complément d'adresse">
            <value>Au 152 bis</value>
          </Data>
          <Data name="Statut">
            <value>Monté</value>
          </Data>
          <Data name="globalid">
            <value>742bb1ef-6537-4939-b9e2-6ebe07c2debb</value>
          </Data>
          <Data name="Secteur">
            <value>Secteur 1</value>
          </Data>
        </ExtendedData>
        <Point>
          <coordinates>
            -1.51880212589886,47.1873006740797,0
          </coordinates>
        </Point>
      </Placemark>
      <Placemark>
        <name>Allée de la Civelière</name>
        <description><![CDATA[Numéro inventaire Nantes Métropole: AL_NM_13_0008<br>Nom de la commune: Nantes<br>Nom du quartier: Nantes Sud<br>Nom du pôle: Nantes Centralité<br>Couleur RAL: 7035<br>Géolocalisation: 47.188396035941196, -1.5219214529175102<br>Complément d'adresse: Angle Rue de la Gilarderie<br>Statut: Monté<br>globalid: ae668124-d217-4cbc-a902-d6e4be71214a<br>Secteur: Secteur 1]]></description>
        <styleUrl>#icon-1899-0288D1</styleUrl>
        <ExtendedData>
          <Data name="Numéro inventaire Nantes Métropole">
            <value>AL_NM_13_0008</value>
          </Data>
          <Data name="Nom de la commune">
            <value>Nantes</value>
          </Data>
          <Data name="Nom du quartier">
            <value>Nantes Sud</value>
          </Data>
          <Data name="Nom du pôle">
            <value>Nantes Centralité</value>
          </Data>
          <Data name="Couleur RAL">
            <value>7035</value>
          </Data>
          <Data name="Géolocalisation">
            <value>47.188396035941196, -1.5219214529175102</value>
          </Data>
          <Data name="Complément d'adresse">
            <value>Angle Rue de la Gilarderie</value>
          </Data>
          <Data name="Statut">
            <value>Monté</value>
          </Data>
          <Data name="globalid">
            <value>ae668124-d217-4cbc-a902-d6e4be71214a</value>
          </Data>
          <Data name="Secteur">
            <value>Secteur 1</value>
          </Data>
        </ExtendedData>
        <Point>
          <coordinates>
            -1.52192145291751,47.1883960359412,0
          </coordinates>
        </Point>
      </Placemark>
      <Placemark>
        <name>Quai Surcouf</name>
        <description><![CDATA[Numéro inventaire Nantes Métropole: AL_NM_15_0015<br>Nom de la commune: Rezé<br>Nom du quartier: Trentemoult<br>Nom du pôle: Loire, Sèvre et Vignoble<br>Couleur RAL: 7035<br>Géolocalisation: 47.19491350257555, -1.5782636659578513<br>Complément d'adresse: angle allée Claude Choemet<br>Statut: Monté<br>globalid: 3fc0632f-8782-4de2-81df-0c018f6dcc18<br>Secteur: Secteur 1]]></description>
        <styleUrl>#icon-1899-0288D1</styleUrl>
        <ExtendedData>
          <Data name="Numéro inventaire Nantes Métropole">
            <value>AL_NM_15_0015</value>
          </Data>
          <Data name="Nom de la commune">
            <value>Rezé</value>
          </Data>
          <Data name="Nom du quartier">
            <value>Trentemoult</value>
          </Data>
          <Data name="Nom du pôle">
            <value>Loire, Sèvre et Vignoble</value>
          </Data>
          <Data name="Couleur RAL">
            <value>7035</value>
          </Data>
          <Data name="Géolocalisation">
            <value>47.19491350257555, -1.5782636659578513</value>
          </Data>
          <Data name="Complément d'adresse">
            <value>angle allée Claude Choemet</value>
          </Data>
          <Data name="Statut">
            <value>Monté</value>
          </Data>
          <Data name="globalid">
            <value>3fc0632f-8782-4de2-81df-0c018f6dcc18</value>
          </Data>
          <Data name="Secteur">
            <value>Secteur 1</value>
          </Data>
        </ExtendedData>
        <Point>
          <coordinates>
            -1.57826366595785,47.1949135025756,0
          </coordinates>
        </Point>
      </Placemark>
      <Placemark>
        <name>Place François Mitterrand</name>
        <description><![CDATA[Numéro inventaire Nantes Métropole: AL_NM_15_0026<br>Nom de la commune: Rezé<br>Nom du quartier: Château de Rezé<br>Nom du pôle: Loire, Sèvre et Vignoble<br>Couleur RAL: 7035<br>Géolocalisation: 47.18449514534404, -1.5594843696872975<br>Complément d'adresse: <br>Statut: Monté<br>globalid: 1d7850b6-9f32-446f-80c6-6c0d34f62e52<br>Secteur: Secteur 1]]></description>
        <styleUrl>#icon-1899-0288D1</styleUrl>
        <ExtendedData>
          <Data name="Numéro inventaire Nantes Métropole">
            <value>AL_NM_15_0026</value>
          </Data>
          <Data name="Nom de la commune">
            <value>Rezé</value>
          </Data>
          <Data name="Nom du quartier">
            <value>Château de Rezé</value>
          </Data>
          <Data name="Nom du pôle">
            <value>Loire, Sèvre et Vignoble</value>
          </Data>
          <Data name="Couleur RAL">
            <value>7035</value>
          </Data>
          <Data name="Géolocalisation">
            <value>47.18449514534404, -1.5594843696872975</value>
          </Data>
          <Data name="Complément d'adresse">
            <value/>
          </Data>
          <Data name="Statut">
            <value>Monté</value>
          </Data>
          <Data name="globalid">
            <value>1d7850b6-9f32-446f-80c6-6c0d34f62e52</value>
          </Data>
          <Data name="Secteur">
            <value>Secteur 1</value>
          </Data>
        </ExtendedData>
        <Point>
          <coordinates>
            -1.5594843696873,47.184495145344,0
          </coordinates>
        </Point>
      </Placemark>
      <Placemark>
        <name>Avenue de la Martellière</name>
        <description><![CDATA[Numéro inventaire Nantes Métropole: AL_NM_20_0009<br>Nom de la commune: Saint-Sébastien-sur-Loire<br>Nom du quartier: <br>Nom du pôle: Loire, Sèvre et Vignoble<br>Couleur RAL: 7035<br>Géolocalisation: 47.19965569420293, -1.5202056620785276<br>Complément d'adresse: au 19<br>Statut: Monté<br>globalid: 6c7862d5-b953-4511-a1d9-7cdccae64daa<br>Secteur: Secteur 1]]></description>
        <styleUrl>#icon-1899-0288D1</styleUrl>
        <ExtendedData>
          <Data name="Numéro inventaire Nantes Métropole">
            <value>AL_NM_20_0009</value>
          </Data>
          <Data name="Nom de la commune">
            <value>Saint-Sébastien-sur-Loire</value>
          </Data>
          <Data name="Nom du quartier">
            <value/>
          </Data>
          <Data name="Nom du pôle">
            <value>Loire, Sèvre et Vignoble</value>
          </Data>
          <Data name="Couleur RAL">
            <value>7035</value>
          </Data>
          <Data name="Géolocalisation">
            <value>47.19965569420293, -1.5202056620785276</value>
          </Data>
          <Data name="Complément d'adresse">
            <value>au 19</value>
          </Data>
          <Data name="Statut">
            <value>Monté</value>
          </Data>
          <Data name="globalid">
            <value>6c7862d5-b953-4511-a1d9-7cdccae64daa</value>
          </Data>
          <Data name="Secteur">
            <value>Secteur 1</value>
          </Data>
        </ExtendedData>
        <Point>
          <coordinates>
            -1.52020566207853,47.1996556942029,0
          </coordinates>
        </Point>
      </Placemark>
      <Placemark>
        <name>Chemin du Couvent</name>
        <description><![CDATA[Numéro inventaire Nantes Métropole: AL_NM_03_0027<br>Nom de la commune: Bouguenais<br>Nom du quartier: Couëts<br>Nom du pôle: Sud-Ouest<br>Couleur RAL: Gris<br>Géolocalisation: 47.18718430980979, -1.58680796590864<br>Complément d'adresse: angle rue de la Loire<br>Statut: Monté<br>globalid: da5ab247-3234-44f0-8f59-50968d92b0da<br>Secteur: Secteur 3]]></description>
        <styleUrl>#icon-1899-0288D1</styleUrl>
        <ExtendedData>
          <Data name="Numéro inventaire Nantes Métropole">
            <value>AL_NM_03_0027</value>
          </Data>
          <Data name="Nom de la commune">
            <value>Bouguenais</value>
          </Data>
          <Data name="Nom du quartier">
            <value>Couëts</value>
          </Data>
          <Data name="Nom du pôle">
            <value>Sud-Ouest</value>
          </Data>
          <Data name="Couleur RAL">
            <value>Gris</value>
          </Data>
          <Data name="Géolocalisation">
            <value>47.18718430980979, -1.58680796590864</value>
          </Data>
          <Data name="Complément d'adresse">
            <value>angle rue de la Loire</value>
          </Data>
          <Data name="Statut">
            <value>Monté</value>
          </Data>
          <Data name="globalid">
            <value>da5ab247-3234-44f0-8f59-50968d92b0da</value>
          </Data>
          <Data name="Secteur">
            <value>Secteur 3</value>
          </Data>
        </ExtendedData>
        <Point>
          <coordinates>
            -1.58680796590864,47.1871843098098,0
          </coordinates>
        </Point>
      </Placemark>
      <Placemark>
        <name>Place de la Mairie</name>
        <description><![CDATA[Numéro inventaire Nantes Métropole: AL_NM_04_0001<br>Nom de la commune: Brains<br>Nom du quartier: <br>Nom du pôle: Sud-Ouest<br>Couleur RAL: <br>Géolocalisation: 47.169597207809616, -1.7223733633199103<br>Complément d'adresse: sur façade<br>Statut: Monté<br>globalid: 67ed8d46-b9b2-485c-995a-db6f116cab82<br>Secteur: Secteur 3]]></description>
        <styleUrl>#icon-1899-0288D1</styleUrl>
        <ExtendedData>
          <Data name="Numéro inventaire Nantes Métropole">
            <value>AL_NM_04_0001</value>
          </Data>
          <Data name="Nom de la commune">
            <value>Brains</value>
          </Data>
          <Data name="Nom du quartier">
            <value/>
          </Data>
          <Data name="Nom du pôle">
            <value>Sud-Ouest</value>
          </Data>
          <Data name="Couleur RAL">
            <value/>
          </Data>
          <Data name="Géolocalisation">
            <value>47.169597207809616, -1.7223733633199103</value>
          </Data>
          <Data name="Complément d'adresse">
            <value>sur façade</value>
          </Data>
          <Data name="Statut">
            <value>Monté</value>
          </Data>
          <Data name="globalid">
            <value>67ed8d46-b9b2-485c-995a-db6f116cab82</value>
          </Data>
          <Data name="Secteur">
            <value>Secteur 3</value>
          </Data>
        </ExtendedData>
        <Point>
          <coordinates>
            -1.72237336331991,47.1695972078096,0
          </coordinates>
        </Point>
      </Placemark>
      <Placemark>
        <name>Rue des Coteaux</name>
        <description><![CDATA[Numéro inventaire Nantes Métropole: AL_NM_03_0016<br>Nom de la commune: Bouguenais<br>Nom du quartier: Villages Nord Ouest<br>Nom du pôle: Sud-Ouest<br>Couleur RAL: Gris<br>Géolocalisation: 47.18424105749321, -1.669588089903807<br>Complément d'adresse: Parking angle Rue Haie d’Anchteau<br>Statut: Monté<br>globalid: 156fbb42-d348-4f7b-b305-6b4cd2000a8e<br>Secteur: Secteur 3]]></description>
        <styleUrl>#icon-1899-0288D1</styleUrl>
        <ExtendedData>
          <Data name="Numéro inventaire Nantes Métropole">
            <value>AL_NM_03_0016</value>
          </Data>
          <Data name="Nom de la commune">
            <value>Bouguenais</value>
          </Data>
          <Data name="Nom du quartier">
            <value>Villages Nord Ouest</value>
          </Data>
          <Data name="Nom du pôle">
            <value>Sud-Ouest</value>
          </Data>
          <Data name="Couleur RAL">
            <value>Gris</value>
          </Data>
          <Data name="Géolocalisation">
            <value>47.18424105749321, -1.669588089903807</value>
          </Data>
          <Data name="Complément d'adresse">
            <value>Parking angle Rue Haie d’Anchteau</value>
          </Data>
          <Data name="Statut">
            <value>Monté</value>
          </Data>
          <Data name="globalid">
            <value>156fbb42-d348-4f7b-b305-6b4cd2000a8e</value>
          </Data>
          <Data name="Secteur">
            <value>Secteur 3</value>
          </Data>
        </ExtendedData>
        <Point>
          <coordinates>
            -1.66958808990381,47.1842410574932,0
          </coordinates>
        </Point>
      </Placemark>
      <Placemark>
        <name>Route de Bouguenais</name>
        <description><![CDATA[Numéro inventaire Nantes Métropole: AL_NM_02_0004<br>Nom de la commune: Bouaye<br>Nom du quartier: <br>Nom du pôle: Sud-Ouest<br>Couleur RAL: Gris<br>Géolocalisation: 47.15308694219379, -1.6621320894528762<br>Complément d'adresse: au 27<br>Statut: Monté<br>globalid: 938e5c4c-b753-4392-9459-3a0df4b6df40<br>Secteur: Secteur 3]]></description>
        <styleUrl>#icon-1899-0288D1</styleUrl>
        <ExtendedData>
          <Data name="Numéro inventaire Nantes Métropole">
            <value>AL_NM_02_0004</value>
          </Data>
          <Data name="Nom de la commune">
            <value>Bouaye</value>
          </Data>
          <Data name="Nom du quartier">
            <value/>
          </Data>
          <Data name="Nom du pôle">
            <value>Sud-Ouest</value>
          </Data>
          <Data name="Couleur RAL">
            <value>Gris</value>
          </Data>
          <Data name="Géolocalisation">
            <value>47.15308694219379, -1.6621320894528762</value>
          </Data>
          <Data name="Complément d'adresse">
            <value>au 27</value>
          </Data>
          <Data name="Statut">
            <value>Monté</value>
          </Data>
          <Data name="globalid">
            <value>938e5c4c-b753-4392-9459-3a0df4b6df40</value>
          </Data>
          <Data name="Secteur">
            <value>Secteur 3</value>
          </Data>
        </ExtendedData>
        <Point>
          <coordinates>
            -1.66213208945288,47.1530869421938,0
          </coordinates>
        </Point>
      </Placemark>
      <Placemark>
        <name>Place du 8 Mai 1945</name>
        <description><![CDATA[Numéro inventaire Nantes Métropole: AL_NM_15_0014<br>Nom de la commune: Rezé<br>Nom du quartier: Pont Rousseau<br>Nom du pôle: Loire, Sèvre et Vignoble<br>Couleur RAL: 7035<br>Géolocalisation: 47.18940688766462, -1.5519549236617374<br>Complément d'adresse: angle Rue André Malraux<br>Statut: Monté<br>globalid: 974f28a3-aa1a-4273-b4fa-06248e782df2<br>Secteur: Secteur 1]]></description>
        <styleUrl>#icon-1899-0288D1</styleUrl>
        <ExtendedData>
          <Data name="Numéro inventaire Nantes Métropole">
            <value>AL_NM_15_0014</value>
          </Data>
          <Data name="Nom de la commune">
            <value>Rezé</value>
          </Data>
          <Data name="Nom du quartier">
            <value>Pont Rousseau</value>
          </Data>
          <Data name="Nom du pôle">
            <value>Loire, Sèvre et Vignoble</value>
          </Data>
          <Data name="Couleur RAL">
            <value>7035</value>
          </Data>
          <Data name="Géolocalisation">
            <value>47.18940688766462, -1.5519549236617374</value>
          </Data>
          <Data name="Complément d'adresse">
            <value>angle Rue André Malraux</value>
          </Data>
          <Data name="Statut">
            <value>Monté</value>
          </Data>
          <Data name="globalid">
            <value>974f28a3-aa1a-4273-b4fa-06248e782df2</value>
          </Data>
          <Data name="Secteur">
            <value>Secteur 1</value>
          </Data>
        </ExtendedData>
        <Point>
          <coordinates>
            -1.55195492366174,47.1894068876646,0
          </coordinates>
        </Point>
      </Placemark>
      <Placemark>
        <name>Côte Saint Sébastien</name>
        <description><![CDATA[Numéro inventaire Nantes Métropole: AL_NM_13_0001<br>Nom de la commune: Nantes<br>Nom du quartier: Nantes Sud<br>Nom du pôle: Nantes Centralité<br>Couleur RAL: 7035<br>Géolocalisation: 47.200513696283984, -1.5341037984989512<br>Complément d'adresse: sous pt G. Clémenceau<br>Statut: Monté<br>globalid: cf7b5794-9ff3-4490-b4e0-0e0e941e63d1<br>Secteur: Secteur 1]]></description>
        <styleUrl>#icon-1899-0288D1</styleUrl>
        <ExtendedData>
          <Data name="Numéro inventaire Nantes Métropole">
            <value>AL_NM_13_0001</value>
          </Data>
          <Data name="Nom de la commune">
            <value>Nantes</value>
          </Data>
          <Data name="Nom du quartier">
            <value>Nantes Sud</value>
          </Data>
          <Data name="Nom du pôle">
            <value>Nantes Centralité</value>
          </Data>
          <Data name="Couleur RAL">
            <value>7035</value>
          </Data>
          <Data name="Géolocalisation">
            <value>47.200513696283984, -1.5341037984989512</value>
          </Data>
          <Data name="Complément d'adresse">
            <value>sous pt G. Clémenceau</value>
          </Data>
          <Data name="Statut">
            <value>Monté</value>
          </Data>
          <Data name="globalid">
            <value>cf7b5794-9ff3-4490-b4e0-0e0e941e63d1</value>
          </Data>
          <Data name="Secteur">
            <value>Secteur 1</value>
          </Data>
        </ExtendedData>
        <Point>
          <coordinates>
            -1.53410379849895,47.200513696284,0
          </coordinates>
        </Point>
      </Placemark>
      <Placemark>
        <name>Rue Bonne Garde</name>
        <description><![CDATA[Numéro inventaire Nantes Métropole: AL_NM_13_0012<br>Nom de la commune: Nantes<br>Nom du quartier: Nantes Sud<br>Nom du pôle: Nantes Centralité<br>Couleur RAL: 7035<br>Géolocalisation: 47.196107402796244, -1.5278142939578125<br>Complément d'adresse: Angle Rue Hendaye<br>Statut: Monté<br>globalid: 9484683b-b821-4239-b04c-cd3f4090802a<br>Secteur: Secteur 1]]></description>
        <styleUrl>#icon-1899-0288D1</styleUrl>
        <ExtendedData>
          <Data name="Numéro inventaire Nantes Métropole">
            <value>AL_NM_13_0012</value>
          </Data>
          <Data name="Nom de la commune">
            <value>Nantes</value>
          </Data>
          <Data name="Nom du quartier">
            <value>Nantes Sud</value>
          </Data>
          <Data name="Nom du pôle">
            <value>Nantes Centralité</value>
          </Data>
          <Data name="Couleur RAL">
            <value>7035</value>
          </Data>
          <Data name="Géolocalisation">
            <value>47.196107402796244, -1.5278142939578125</value>
          </Data>
          <Data name="Complément d'adresse">
            <value>Angle Rue Hendaye</value>
          </Data>
          <Data name="Statut">
            <value>Monté</value>
          </Data>
          <Data name="globalid">
            <value>9484683b-b821-4239-b04c-cd3f4090802a</value>
          </Data>
          <Data name="Secteur">
            <value>Secteur 1</value>
          </Data>
        </ExtendedData>
        <Point>
          <coordinates>
            -1.52781429395781,47.1961074027962,0
          </coordinates>
        </Point>
      </Placemark>
      <Placemark>
        <name>Route de Vertou</name>
        <description><![CDATA[Numéro inventaire Nantes Métropole: AL_NM_13_0196<br>Nom de la commune: Nantes<br>Nom du quartier: Nantes Sud<br>Nom du pôle: Nantes Centralité<br>Couleur RAL: 7035<br>Géolocalisation: 47.19003246387237, -1.5328356565009418<br>Complément d'adresse: Au 45<br>Statut: Monté<br>globalid: f5e1bf41-3e18-403e-a4d5-dee413bd6cc4<br>Secteur: Secteur 1]]></description>
        <styleUrl>#icon-1899-0288D1</styleUrl>
        <ExtendedData>
          <Data name="Numéro inventaire Nantes Métropole">
            <value>AL_NM_13_0196</value>
          </Data>
          <Data name="Nom de la commune">
            <value>Nantes</value>
          </Data>
          <Data name="Nom du quartier">
            <value>Nantes Sud</value>
          </Data>
          <Data name="Nom du pôle">
            <value>Nantes Centralité</value>
          </Data>
          <Data name="Couleur RAL">
            <value>7035</value>
          </Data>
          <Data name="Géolocalisation">
            <value>47.19003246387237, -1.5328356565009418</value>
          </Data>
          <Data name="Complément d'adresse">
            <value>Au 45</value>
          </Data>
          <Data name="Statut">
            <value>Monté</value>
          </Data>
          <Data name="globalid">
            <value>f5e1bf41-3e18-403e-a4d5-dee413bd6cc4</value>
          </Data>
          <Data name="Secteur">
            <value>Secteur 1</value>
          </Data>
        </ExtendedData>
        <Point>
          <coordinates>
            -1.53283565650094,47.1900324638724,0
          </coordinates>
        </Point>
      </Placemark>
      <Placemark>
        <name>Rue du Château de Rezé</name>
        <description><![CDATA[Numéro inventaire Nantes Métropole: AL_NM_15_0003<br>Nom de la commune: Rezé<br>Nom du quartier: Château de Rezé<br>Nom du pôle: Loire, Sèvre et Vignoble<br>Couleur RAL: 7035<br>Géolocalisation: 47.18450684430387, -1.563173848648278<br>Complément d'adresse: angle Avenue de Vendée<br>Statut: Monté<br>globalid: 6ce85eb0-470a-4e8e-bfa0-2a15777ed122<br>Secteur: Secteur 1]]></description>
        <styleUrl>#icon-1899-0288D1</styleUrl>
        <ExtendedData>
          <Data name="Numéro inventaire Nantes Métropole">
            <value>AL_NM_15_0003</value>
          </Data>
          <Data name="Nom de la commune">
            <value>Rezé</value>
          </Data>
          <Data name="Nom du quartier">
            <value>Château de Rezé</value>
          </Data>
          <Data name="Nom du pôle">
            <value>Loire, Sèvre et Vignoble</value>
          </Data>
          <Data name="Couleur RAL">
            <value>7035</value>
          </Data>
          <Data name="Géolocalisation">
            <value>47.18450684430387, -1.563173848648278</value>
          </Data>
          <Data name="Complément d'adresse">
            <value>angle Avenue de Vendée</value>
          </Data>
          <Data name="Statut">
            <value>Monté</value>
          </Data>
          <Data name="globalid">
            <value>6ce85eb0-470a-4e8e-bfa0-2a15777ed122</value>
          </Data>
          <Data name="Secteur">
            <value>Secteur 1</value>
          </Data>
        </ExtendedData>
        <Point>
          <coordinates>
            -1.56317384864828,47.1845068443039,0
          </coordinates>
        </Point>
      </Placemark>
      <Placemark>
        <name>Rue des Déportés</name>
        <description><![CDATA[Numéro inventaire Nantes Métropole: AL_NM_15_0007<br>Nom de la commune: Rezé<br>Nom du quartier: La Houssais<br>Nom du pôle: Loire, Sèvre et Vignoble<br>Couleur RAL: 7035<br>Géolocalisation: 47.1785407116838, -1.5463308375075184<br>Complément d'adresse: au 10<br>Statut: Monté<br>globalid: 26267db3-1be6-44dd-9be1-0d79a4f3f9c9<br>Secteur: Secteur 1]]></description>
        <styleUrl>#icon-1899-0288D1</styleUrl>
        <ExtendedData>
          <Data name="Numéro inventaire Nantes Métropole">
            <value>AL_NM_15_0007</value>
          </Data>
          <Data name="Nom de la commune">
            <value>Rezé</value>
          </Data>
          <Data name="Nom du quartier">
            <value>La Houssais</value>
          </Data>
          <Data name="Nom du pôle">
            <value>Loire, Sèvre et Vignoble</value>
          </Data>
          <Data name="Couleur RAL">
            <value>7035</value>
          </Data>
          <Data name="Géolocalisation">
            <value>47.1785407116838, -1.5463308375075184</value>
          </Data>
          <Data name="Complément d'adresse">
            <value>au 10</value>
          </Data>
          <Data name="Statut">
            <value>Monté</value>
          </Data>
          <Data name="globalid">
            <value>26267db3-1be6-44dd-9be1-0d79a4f3f9c9</value>
          </Data>
          <Data name="Secteur">
            <value>Secteur 1</value>
          </Data>
        </ExtendedData>
        <Point>
          <coordinates>
            -1.54633083750752,47.1785407116838,0
          </coordinates>
        </Point>
      </Placemark>
      <Placemark>
        <name>Rue des Brêches</name>
        <description><![CDATA[Numéro inventaire Nantes Métropole: AL_NM_15_0022<br>Nom de la commune: Rezé<br>Nom du quartier: Trentemoult<br>Nom du pôle: Loire, Sèvre et Vignoble<br>Couleur RAL: 7035<br>Géolocalisation: 47.195503806366794, -1.5603547870410004<br>Complément d'adresse: face au 3<br>Statut: Monté<br>globalid: 49be30d3-1e8c-4acb-8e6d-2501842cd0d9<br>Secteur: Secteur 1]]></description>
        <styleUrl>#icon-1899-0288D1</styleUrl>
        <ExtendedData>
          <Data name="Numéro inventaire Nantes Métropole">
            <value>AL_NM_15_0022</value>
          </Data>
          <Data name="Nom de la commune">
            <value>Rezé</value>
          </Data>
          <Data name="Nom du quartier">
            <value>Trentemoult</value>
          </Data>
          <Data name="Nom du pôle">
            <value>Loire, Sèvre et Vignoble</value>
          </Data>
          <Data name="Couleur RAL">
            <value>7035</value>
          </Data>
          <Data name="Géolocalisation">
            <value>47.195503806366794, -1.5603547870410004</value>
          </Data>
          <Data name="Complément d'adresse">
            <value>face au 3</value>
          </Data>
          <Data name="Statut">
            <value>Monté</value>
          </Data>
          <Data name="globalid">
            <value>49be30d3-1e8c-4acb-8e6d-2501842cd0d9</value>
          </Data>
          <Data name="Secteur">
            <value>Secteur 1</value>
          </Data>
        </ExtendedData>
        <Point>
          <coordinates>
            -1.560354787041,47.1955038063668,0
          </coordinates>
        </Point>
      </Placemark>
      <Placemark>
        <name>Rue de la Maillardière</name>
        <description><![CDATA[Numéro inventaire Nantes Métropole: AL_NM_15_0023<br>Nom de la commune: Rezé<br>Nom du quartier: Ragon<br>Nom du pôle: Loire, Sèvre et Vignoble<br>Couleur RAL: 7035<br>Géolocalisation: 47.16792286962716, -1.5256465949128346<br>Complément d'adresse: face au n°81<br>Statut: Monté<br>globalid: d013255b-6719-4269-afd7-414c49281a89<br>Secteur: Secteur 1]]></description>
        <styleUrl>#icon-1899-0288D1</styleUrl>
        <ExtendedData>
          <Data name="Numéro inventaire Nantes Métropole">
            <value>AL_NM_15_0023</value>
          </Data>
          <Data name="Nom de la commune">
            <value>Rezé</value>
          </Data>
          <Data name="Nom du quartier">
            <value>Ragon</value>
          </Data>
          <Data name="Nom du pôle">
            <value>Loire, Sèvre et Vignoble</value>
          </Data>
          <Data name="Couleur RAL">
            <value>7035</value>
          </Data>
          <Data name="Géolocalisation">
            <value>47.16792286962716, -1.5256465949128346</value>
          </Data>
          <Data name="Complément d'adresse">
            <value>face au n°81</value>
          </Data>
          <Data name="Statut">
            <value>Monté</value>
          </Data>
          <Data name="globalid">
            <value>d013255b-6719-4269-afd7-414c49281a89</value>
          </Data>
          <Data name="Secteur">
            <value>Secteur 1</value>
          </Data>
        </ExtendedData>
        <Point>
          <coordinates>
            -1.52564659491283,47.1679228696272,0
          </coordinates>
        </Point>
      </Placemark>
      <Placemark>
        <name>Rue Henri Barbusse</name>
        <description><![CDATA[Numéro inventaire Nantes Métropole: AL_NM_15_0027<br>Nom de la commune: Rezé<br>Nom du quartier: Hôtel de Ville<br>Nom du pôle: Loire, Sèvre et Vignoble<br>Couleur RAL: 7035<br>Géolocalisation: 47.190912036941015, -1.56323130274262<br>Complément d'adresse: angle Rue Emile Zola<br>Statut: Monté<br>globalid: 01c24086-3913-4763-9f85-33b1f9c94c28<br>Secteur: Secteur 1]]></description>
        <styleUrl>#icon-1899-0288D1</styleUrl>
        <ExtendedData>
          <Data name="Numéro inventaire Nantes Métropole">
            <value>AL_NM_15_0027</value>
          </Data>
          <Data name="Nom de la commune">
            <value>Rezé</value>
          </Data>
          <Data name="Nom du quartier">
            <value>Hôtel de Ville</value>
          </Data>
          <Data name="Nom du pôle">
            <value>Loire, Sèvre et Vignoble</value>
          </Data>
          <Data name="Couleur RAL">
            <value>7035</value>
          </Data>
          <Data name="Géolocalisation">
            <value>47.190912036941015, -1.56323130274262</value>
          </Data>
          <Data name="Complément d'adresse">
            <value>angle Rue Emile Zola</value>
          </Data>
          <Data name="Statut">
            <value>Monté</value>
          </Data>
          <Data name="globalid">
            <value>01c24086-3913-4763-9f85-33b1f9c94c28</value>
          </Data>
          <Data name="Secteur">
            <value>Secteur 1</value>
          </Data>
        </ExtendedData>
        <Point>
          <coordinates>
            -1.56323130274262,47.190912036941,0
          </coordinates>
        </Point>
      </Placemark>
      <Placemark>
        <name>Rue Jean Baptiste Vigier</name>
        <description><![CDATA[Numéro inventaire Nantes Métropole: AL_NM_15_0029<br>Nom de la commune: Rezé<br>Nom du quartier: Pont Rousseau<br>Nom du pôle: Loire, Sèvre et Vignoble<br>Couleur RAL: 7035<br>Géolocalisation: 47.18537694296866, -1.5361405696276587<br>Complément d'adresse: au 134<br>Statut: Monté<br>globalid: 8ccd95e3-4c43-4e61-ad09-43ff9e84408b<br>Secteur: Secteur 1]]></description>
        <styleUrl>#icon-1899-0288D1</styleUrl>
        <ExtendedData>
          <Data name="Numéro inventaire Nantes Métropole">
            <value>AL_NM_15_0029</value>
          </Data>
          <Data name="Nom de la commune">
            <value>Rezé</value>
          </Data>
          <Data name="Nom du quartier">
            <value>Pont Rousseau</value>
          </Data>
          <Data name="Nom du pôle">
            <value>Loire, Sèvre et Vignoble</value>
          </Data>
          <Data name="Couleur RAL">
            <value>7035</value>
          </Data>
          <Data name="Géolocalisation">
            <value>47.18537694296866, -1.5361405696276587</value>
          </Data>
          <Data name="Complément d'adresse">
            <value>au 134</value>
          </Data>
          <Data name="Statut">
            <value>Monté</value>
          </Data>
          <Data name="globalid">
            <value>8ccd95e3-4c43-4e61-ad09-43ff9e84408b</value>
          </Data>
          <Data name="Secteur">
            <value>Secteur 1</value>
          </Data>
        </ExtendedData>
        <Point>
          <coordinates>
            -1.53614056962766,47.1853769429687,0
          </coordinates>
        </Point>
      </Placemark>
      <Placemark>
        <name>Route de Clisson</name>
        <description><![CDATA[Numéro inventaire Nantes Métropole: AL_NM_20_0011<br>Nom de la commune: Saint-Sébastien-sur-Loire<br>Nom du quartier: <br>Nom du pôle: Loire, Sèvre et Vignoble<br>Couleur RAL: 7035<br>Géolocalisation: 47.1890991, -1.5080433<br>Complément d'adresse: Au 199<br>Statut: Monté<br>globalid: 262824c6-5413-4543-bad3-eb706832b0a3<br>Secteur: Secteur 1]]></description>
        <styleUrl>#icon-1899-0288D1</styleUrl>
        <ExtendedData>
          <Data name="Numéro inventaire Nantes Métropole">
            <value>AL_NM_20_0011</value>
          </Data>
          <Data name="Nom de la commune">
            <value>Saint-Sébastien-sur-Loire</value>
          </Data>
          <Data name="Nom du quartier">
            <value/>
          </Data>
          <Data name="Nom du pôle">
            <value>Loire, Sèvre et Vignoble</value>
          </Data>
          <Data name="Couleur RAL">
            <value>7035</value>
          </Data>
          <Data name="Géolocalisation">
            <value>47.1890991, -1.5080433</value>
          </Data>
          <Data name="Complément d'adresse">
            <value>Au 199</value>
          </Data>
          <Data name="Statut">
            <value>Monté</value>
          </Data>
          <Data name="globalid">
            <value>262824c6-5413-4543-bad3-eb706832b0a3</value>
          </Data>
          <Data name="Secteur">
            <value>Secteur 1</value>
          </Data>
        </ExtendedData>
        <Point>
          <coordinates>
            -1.5080433,47.1890991,0
          </coordinates>
        </Point>
      </Placemark>
      <Placemark>
        <name>Rue de Galheur</name>
        <description><![CDATA[Numéro inventaire Nantes Métropole: AL_NM_03_0004<br>Nom de la commune: Bouguenais<br>Nom du quartier: Villages Centre Sud Est<br>Nom du pôle: Sud-Ouest<br>Couleur RAL: Gris<br>Géolocalisation: 47.16387397711001, -1.578338551922972<br>Complément d'adresse: angle Rue des Genets<br>Statut: Monté<br>globalid: f17cccff-6605-49ab-9921-f2cf64911658<br>Secteur: Secteur 3]]></description>
        <styleUrl>#icon-1899-0288D1</styleUrl>
        <ExtendedData>
          <Data name="Numéro inventaire Nantes Métropole">
            <value>AL_NM_03_0004</value>
          </Data>
          <Data name="Nom de la commune">
            <value>Bouguenais</value>
          </Data>
          <Data name="Nom du quartier">
            <value>Villages Centre Sud Est</value>
          </Data>
          <Data name="Nom du pôle">
            <value>Sud-Ouest</value>
          </Data>
          <Data name="Couleur RAL">
            <value>Gris</value>
          </Data>
          <Data name="Géolocalisation">
            <value>47.16387397711001, -1.578338551922972</value>
          </Data>
          <Data name="Complément d'adresse">
            <value>angle Rue des Genets</value>
          </Data>
          <Data name="Statut">
            <value>Monté</value>
          </Data>
          <Data name="globalid">
            <value>f17cccff-6605-49ab-9921-f2cf64911658</value>
          </Data>
          <Data name="Secteur">
            <value>Secteur 3</value>
          </Data>
        </ExtendedData>
        <Point>
          <coordinates>
            -1.57833855192297,47.16387397711,0
          </coordinates>
        </Point>
      </Placemark>
      <Placemark>
        <name>Rue de la Bouguinière</name>
        <description><![CDATA[Numéro inventaire Nantes Métropole: AL_NM_03_0007<br>Nom de la commune: Bouguenais<br>Nom du quartier: Villages Sud Ouest<br>Nom du pôle: Sud-Ouest<br>Couleur RAL: Gris<br>Géolocalisation: 47.17312356798174, -1.6354440033214073<br>Complément d'adresse: angle Chemin du Puits<br>Statut: Monté<br>globalid: 3693cbb3-5349-41d4-b3f1-b5004f3839a9<br>Secteur: Secteur 3]]></description>
        <styleUrl>#icon-1899-0288D1</styleUrl>
        <ExtendedData>
          <Data name="Numéro inventaire Nantes Métropole">
            <value>AL_NM_03_0007</value>
          </Data>
          <Data name="Nom de la commune">
            <value>Bouguenais</value>
          </Data>
          <Data name="Nom du quartier">
            <value>Villages Sud Ouest</value>
          </Data>
          <Data name="Nom du pôle">
            <value>Sud-Ouest</value>
          </Data>
          <Data name="Couleur RAL">
            <value>Gris</value>
          </Data>
          <Data name="Géolocalisation">
            <value>47.17312356798174, -1.6354440033214073</value>
          </Data>
          <Data name="Complément d'adresse">
            <value>angle Chemin du Puits</value>
          </Data>
          <Data name="Statut">
            <value>Monté</value>
          </Data>
          <Data name="globalid">
            <value>3693cbb3-5349-41d4-b3f1-b5004f3839a9</value>
          </Data>
          <Data name="Secteur">
            <value>Secteur 3</value>
          </Data>
        </ExtendedData>
        <Point>
          <coordinates>
            -1.63544400332141,47.1731235679817,0
          </coordinates>
        </Point>
      </Placemark>
      <Placemark>
        <name>Rue des Quarterons</name>
        <description><![CDATA[Numéro inventaire Nantes Métropole: AL_NM_16_0006<br>Nom de la commune: Saint-Aignan de Grand Lieu<br>Nom du quartier: <br>Nom du pôle: Sud-Ouest<br>Couleur RAL: Gris<br>Géolocalisation: 47.12906719326414, -1.6406916667868556<br>Complément d'adresse: Au 15<br>Statut: Monté<br>globalid: dbcebc93-390e-46c3-bab0-cbf20088fe91<br>Secteur: Secteur 3]]></description>
        <styleUrl>#icon-1899-0288D1</styleUrl>
        <ExtendedData>
          <Data name="Numéro inventaire Nantes Métropole">
            <value>AL_NM_16_0006</value>
          </Data>
          <Data name="Nom de la commune">
            <value>Saint-Aignan de Grand Lieu</value>
          </Data>
          <Data name="Nom du quartier">
            <value/>
          </Data>
          <Data name="Nom du pôle">
            <value>Sud-Ouest</value>
          </Data>
          <Data name="Couleur RAL">
            <value>Gris</value>
          </Data>
          <Data name="Géolocalisation">
            <value>47.12906719326414, -1.6406916667868556</value>
          </Data>
          <Data name="Complément d'adresse">
            <value>Au 15</value>
          </Data>
          <Data name="Statut">
            <value>Monté</value>
          </Data>
          <Data name="globalid">
            <value>dbcebc93-390e-46c3-bab0-cbf20088fe91</value>
          </Data>
          <Data name="Secteur">
            <value>Secteur 3</value>
          </Data>
        </ExtendedData>
        <Point>
          <coordinates>
            -1.64069166678686,47.1290671932641,0
          </coordinates>
        </Point>
      </Placemark>
      <Placemark>
        <name>Route des Ecobuts</name>
        <description><![CDATA[Numéro inventaire Nantes Métropole: AL_NM_16_0008<br>Nom de la commune: Saint-Aignan de Grand Lieu<br>Nom du quartier: <br>Nom du pôle: Sud-Ouest<br>Couleur RAL: Gris<br>Géolocalisation: 47.14381942299215, -1.6310931099721615<br>Complément d'adresse: face au 24<br>Statut: Monté<br>globalid: b71f34c8-e376-4c21-b41b-6c8a912222be<br>Secteur: Secteur 3]]></description>
        <styleUrl>#icon-1899-0288D1</styleUrl>
        <ExtendedData>
          <Data name="Numéro inventaire Nantes Métropole">
            <value>AL_NM_16_0008</value>
          </Data>
          <Data name="Nom de la commune">
            <value>Saint-Aignan de Grand Lieu</value>
          </Data>
          <Data name="Nom du quartier">
            <value/>
          </Data>
          <Data name="Nom du pôle">
            <value>Sud-Ouest</value>
          </Data>
          <Data name="Couleur RAL">
            <value>Gris</value>
          </Data>
          <Data name="Géolocalisation">
            <value>47.14381942299215, -1.6310931099721615</value>
          </Data>
          <Data name="Complément d'adresse">
            <value>face au 24</value>
          </Data>
          <Data name="Statut">
            <value>Monté</value>
          </Data>
          <Data name="globalid">
            <value>b71f34c8-e376-4c21-b41b-6c8a912222be</value>
          </Data>
          <Data name="Secteur">
            <value>Secteur 3</value>
          </Data>
        </ExtendedData>
        <Point>
          <coordinates>
            -1.63109310997216,47.1438194229922,0
          </coordinates>
        </Point>
      </Placemark>
      <Placemark>
        <name>Rue de la Ripossière</name>
        <description><![CDATA[Numéro inventaire Nantes Métropole: AL_NM_13_0007<br>Nom de la commune: Nantes<br>Nom du quartier: Nantes Sud<br>Nom du pôle: Nantes Centralité<br>Couleur RAL: 7035<br>Géolocalisation: 47.19204629928239, -1.5344032561127354<br>Complément d'adresse: face au 69<br>Statut: Monté<br>globalid: ab8910a8-df46-488b-96ae-172af80132db<br>Secteur: Secteur 1]]></description>
        <styleUrl>#icon-1899-0288D1</styleUrl>
        <ExtendedData>
          <Data name="Numéro inventaire Nantes Métropole">
            <value>AL_NM_13_0007</value>
          </Data>
          <Data name="Nom de la commune">
            <value>Nantes</value>
          </Data>
          <Data name="Nom du quartier">
            <value>Nantes Sud</value>
          </Data>
          <Data name="Nom du pôle">
            <value>Nantes Centralité</value>
          </Data>
          <Data name="Couleur RAL">
            <value>7035</value>
          </Data>
          <Data name="Géolocalisation">
            <value>47.19204629928239, -1.5344032561127354</value>
          </Data>
          <Data name="Complément d'adresse">
            <value>face au 69</value>
          </Data>
          <Data name="Statut">
            <value>Monté</value>
          </Data>
          <Data name="globalid">
            <value>ab8910a8-df46-488b-96ae-172af80132db</value>
          </Data>
          <Data name="Secteur">
            <value>Secteur 1</value>
          </Data>
        </ExtendedData>
        <Point>
          <coordinates>
            -1.53440325611274,47.1920462992824,0
          </coordinates>
        </Point>
      </Placemark>
      <Placemark>
        <name>Route de Saint Sébastien</name>
        <description><![CDATA[Numéro inventaire Nantes Métropole: AL_NM_13_0002<br>Nom de la commune: Nantes<br>Nom du quartier: Nantes Sud<br>Nom du pôle: Nantes Centralité<br>Couleur RAL: 7035<br>Géolocalisation: 47.19956429480612, -1.5311438091791907<br>Complément d'adresse: face au 31<br>Statut: Monté<br>globalid: c46ee290-41e6-4cc7-8bd3-301821a52e6f<br>Secteur: Secteur 1]]></description>
        <styleUrl>#icon-1899-0288D1</styleUrl>
        <ExtendedData>
          <Data name="Numéro inventaire Nantes Métropole">
            <value>AL_NM_13_0002</value>
          </Data>
          <Data name="Nom de la commune">
            <value>Nantes</value>
          </Data>
          <Data name="Nom du quartier">
            <value>Nantes Sud</value>
          </Data>
          <Data name="Nom du pôle">
            <value>Nantes Centralité</value>
          </Data>
          <Data name="Couleur RAL">
            <value>7035</value>
          </Data>
          <Data name="Géolocalisation">
            <value>47.19956429480612, -1.5311438091791907</value>
          </Data>
          <Data name="Complément d'adresse">
            <value>face au 31</value>
          </Data>
          <Data name="Statut">
            <value>Monté</value>
          </Data>
          <Data name="globalid">
            <value>c46ee290-41e6-4cc7-8bd3-301821a52e6f</value>
          </Data>
          <Data name="Secteur">
            <value>Secteur 1</value>
          </Data>
        </ExtendedData>
        <Point>
          <coordinates>
            -1.53114380917919,47.1995642948061,0
          </coordinates>
        </Point>
      </Placemark>
      <Placemark>
        <name>Rue de la Galarnière</name>
        <description><![CDATA[Numéro inventaire Nantes Métropole: AL_NM_15_0006<br>Nom de la commune: Rezé<br>Nom du quartier: La Houssais<br>Nom du pôle: Loire, Sèvre et Vignoble<br>Couleur RAL: 7035<br>Géolocalisation: 47.1777560883786, -1.5588781706336587<br>Complément d'adresse: Devant le gymnase<br>Statut: Monté<br>globalid: 32bdb491-ae1a-438f-ab7a-2045b24c72a7<br>Secteur: Secteur 1]]></description>
        <styleUrl>#icon-1899-0288D1</styleUrl>
        <ExtendedData>
          <Data name="Numéro inventaire Nantes Métropole">
            <value>AL_NM_15_0006</value>
          </Data>
          <Data name="Nom de la commune">
            <value>Rezé</value>
          </Data>
          <Data name="Nom du quartier">
            <value>La Houssais</value>
          </Data>
          <Data name="Nom du pôle">
            <value>Loire, Sèvre et Vignoble</value>
          </Data>
          <Data name="Couleur RAL">
            <value>7035</value>
          </Data>
          <Data name="Géolocalisation">
            <value>47.1777560883786, -1.5588781706336587</value>
          </Data>
          <Data name="Complément d'adresse">
            <value>Devant le gymnase</value>
          </Data>
          <Data name="Statut">
            <value>Monté</value>
          </Data>
          <Data name="globalid">
            <value>32bdb491-ae1a-438f-ab7a-2045b24c72a7</value>
          </Data>
          <Data name="Secteur">
            <value>Secteur 1</value>
          </Data>
        </ExtendedData>
        <Point>
          <coordinates>
            -1.55887817063366,47.1777560883786,0
          </coordinates>
        </Point>
      </Placemark>
      <Placemark>
        <name>Rue Maurice Lagathu</name>
        <description><![CDATA[Numéro inventaire Nantes Métropole: AL_NM_15_0010<br>Nom de la commune: Rezé<br>Nom du quartier: Pont Rousseau<br>Nom du pôle: Loire, Sèvre et Vignoble<br>Couleur RAL: 7035<br>Géolocalisation: 47.180329104286045, -1.5365284468439253<br>Complément d'adresse: face au 4<br>Statut: Monté<br>globalid: fd1624ee-176b-497f-97c4-595c03c4352d<br>Secteur: Secteur 1]]></description>
        <styleUrl>#icon-1899-0288D1</styleUrl>
        <ExtendedData>
          <Data name="Numéro inventaire Nantes Métropole">
            <value>AL_NM_15_0010</value>
          </Data>
          <Data name="Nom de la commune">
            <value>Rezé</value>
          </Data>
          <Data name="Nom du quartier">
            <value>Pont Rousseau</value>
          </Data>
          <Data name="Nom du pôle">
            <value>Loire, Sèvre et Vignoble</value>
          </Data>
          <Data name="Couleur RAL">
            <value>7035</value>
          </Data>
          <Data name="Géolocalisation">
            <value>47.180329104286045, -1.5365284468439253</value>
          </Data>
          <Data name="Complément d'adresse">
            <value>face au 4</value>
          </Data>
          <Data name="Statut">
            <value>Monté</value>
          </Data>
          <Data name="globalid">
            <value>fd1624ee-176b-497f-97c4-595c03c4352d</value>
          </Data>
          <Data name="Secteur">
            <value>Secteur 1</value>
          </Data>
        </ExtendedData>
        <Point>
          <coordinates>
            -1.53652844684393,47.180329104286,0
          </coordinates>
        </Point>
      </Placemark>
      <Placemark>
        <name>Rue du Vivier</name>
        <description><![CDATA[Numéro inventaire Nantes Métropole: AL_NM_15_0013<br>Nom de la commune: Rezé<br>Nom du quartier: Ragon<br>Nom du pôle: Loire, Sèvre et Vignoble<br>Couleur RAL: 7035<br>Géolocalisation: 47.165076135181884, -1.542279608632408<br>Complément d'adresse: angle rue Ernest Sauvestre<br>Statut: Monté<br>globalid: bea7e7b3-e6e5-46db-bbfd-5373d57dd003<br>Secteur: Secteur 1]]></description>
        <styleUrl>#icon-1899-0288D1</styleUrl>
        <ExtendedData>
          <Data name="Numéro inventaire Nantes Métropole">
            <value>AL_NM_15_0013</value>
          </Data>
          <Data name="Nom de la commune">
            <value>Rezé</value>
          </Data>
          <Data name="Nom du quartier">
            <value>Ragon</value>
          </Data>
          <Data name="Nom du pôle">
            <value>Loire, Sèvre et Vignoble</value>
          </Data>
          <Data name="Couleur RAL">
            <value>7035</value>
          </Data>
          <Data name="Géolocalisation">
            <value>47.165076135181884, -1.542279608632408</value>
          </Data>
          <Data name="Complément d'adresse">
            <value>angle rue Ernest Sauvestre</value>
          </Data>
          <Data name="Statut">
            <value>Monté</value>
          </Data>
          <Data name="globalid">
            <value>bea7e7b3-e6e5-46db-bbfd-5373d57dd003</value>
          </Data>
          <Data name="Secteur">
            <value>Secteur 1</value>
          </Data>
        </ExtendedData>
        <Point>
          <coordinates>
            -1.54227960863241,47.1650761351819,0
          </coordinates>
        </Point>
      </Placemark>
      <Placemark>
        <name>Rue de la Vallée</name>
        <description><![CDATA[Numéro inventaire Nantes Métropole: AL_NM_15_0011<br>Nom de la commune: Rezé<br>Nom du quartier: Blordière<br>Nom du pôle: Loire, Sèvre et Vignoble<br>Couleur RAL: 7035<br>Géolocalisation: 47.1771936240932, -1.521922461643328<br>Complément d'adresse: angle Rue de la Chaussée<br>Statut: Monté<br>globalid: b9652b6e-3c20-4063-b0e3-e33692e5b0df<br>Secteur: Secteur 1]]></description>
        <styleUrl>#icon-1899-0288D1</styleUrl>
        <ExtendedData>
          <Data name="Numéro inventaire Nantes Métropole">
            <value>AL_NM_15_0011</value>
          </Data>
          <Data name="Nom de la commune">
            <value>Rezé</value>
          </Data>
          <Data name="Nom du quartier">
            <value>Blordière</value>
          </Data>
          <Data name="Nom du pôle">
            <value>Loire, Sèvre et Vignoble</value>
          </Data>
          <Data name="Couleur RAL">
            <value>7035</value>
          </Data>
          <Data name="Géolocalisation">
            <value>47.1771936240932, -1.521922461643328</value>
          </Data>
          <Data name="Complément d'adresse">
            <value>angle Rue de la Chaussée</value>
          </Data>
          <Data name="Statut">
            <value>Monté</value>
          </Data>
          <Data name="globalid">
            <value>b9652b6e-3c20-4063-b0e3-e33692e5b0df</value>
          </Data>
          <Data name="Secteur">
            <value>Secteur 1</value>
          </Data>
        </ExtendedData>
        <Point>
          <coordinates>
            -1.52192246164333,47.1771936240932,0
          </coordinates>
        </Point>
      </Placemark>
      <Placemark>
        <name>Rue Guy Le Lan</name>
        <description><![CDATA[Numéro inventaire Nantes Métropole: AL_NM_15_0028<br>Nom de la commune: Rezé<br>Nom du quartier: Pont Rousseau<br>Nom du pôle: Loire, Sèvre et Vignoble<br>Couleur RAL: 7035<br>Géolocalisation: 47.18667231666447, -1.545020186870966<br>Complément d'adresse: entrée Théatre<br>Statut: Monté<br>globalid: fbd2ee2e-1148-4f2a-965d-6f6b10815a30<br>Secteur: Secteur 1]]></description>
        <styleUrl>#icon-1899-0288D1</styleUrl>
        <ExtendedData>
          <Data name="Numéro inventaire Nantes Métropole">
            <value>AL_NM_15_0028</value>
          </Data>
          <Data name="Nom de la commune">
            <value>Rezé</value>
          </Data>
          <Data name="Nom du quartier">
            <value>Pont Rousseau</value>
          </Data>
          <Data name="Nom du pôle">
            <value>Loire, Sèvre et Vignoble</value>
          </Data>
          <Data name="Couleur RAL">
            <value>7035</value>
          </Data>
          <Data name="Géolocalisation">
            <value>47.18667231666447, -1.545020186870966</value>
          </Data>
          <Data name="Complément d'adresse">
            <value>entrée Théatre</value>
          </Data>
          <Data name="Statut">
            <value>Monté</value>
          </Data>
          <Data name="globalid">
            <value>fbd2ee2e-1148-4f2a-965d-6f6b10815a30</value>
          </Data>
          <Data name="Secteur">
            <value>Secteur 1</value>
          </Data>
        </ExtendedData>
        <Point>
          <coordinates>
            -1.54502018687097,47.1866723166645,0
          </coordinates>
        </Point>
      </Placemark>
      <Placemark>
        <name>Rue du Général De Gaulle</name>
        <description><![CDATA[Numéro inventaire Nantes Métropole: AL_NM_20_0005<br>Nom de la commune: Saint-Sébastien-sur-Loire<br>Nom du quartier: <br>Nom du pôle: Loire, Sèvre et Vignoble<br>Couleur RAL: 7035<br>Géolocalisation: 47.20789569562275, -1.496480393784626<br>Complément d'adresse: angle rue du Genetay<br>Statut: Monté<br>globalid: ba01e741-de53-4939-8f08-d8e8e26ead9b<br>Secteur: Secteur 1]]></description>
        <styleUrl>#icon-1899-0288D1</styleUrl>
        <ExtendedData>
          <Data name="Numéro inventaire Nantes Métropole">
            <value>AL_NM_20_0005</value>
          </Data>
          <Data name="Nom de la commune">
            <value>Saint-Sébastien-sur-Loire</value>
          </Data>
          <Data name="Nom du quartier">
            <value/>
          </Data>
          <Data name="Nom du pôle">
            <value>Loire, Sèvre et Vignoble</value>
          </Data>
          <Data name="Couleur RAL">
            <value>7035</value>
          </Data>
          <Data name="Géolocalisation">
            <value>47.20789569562275, -1.496480393784626</value>
          </Data>
          <Data name="Complément d'adresse">
            <value>angle rue du Genetay</value>
          </Data>
          <Data name="Statut">
            <value>Monté</value>
          </Data>
          <Data name="globalid">
            <value>ba01e741-de53-4939-8f08-d8e8e26ead9b</value>
          </Data>
          <Data name="Secteur">
            <value>Secteur 1</value>
          </Data>
        </ExtendedData>
        <Point>
          <coordinates>
            -1.49648039378463,47.2078956956228,0
          </coordinates>
        </Point>
      </Placemark>
      <Placemark>
        <name>Rue de la Jaunaie</name>
        <description><![CDATA[Numéro inventaire Nantes Métropole: AL_NM_20_0008<br>Nom de la commune: Saint-Sébastien-sur-Loire<br>Nom du quartier: <br>Nom du pôle: Loire, Sèvre et Vignoble<br>Couleur RAL: 7035<br>Géolocalisation: 47.19199108896178, -1.496979862361383<br>Complément d'adresse: Angle Rue Mendes France<br>Statut: Monté<br>globalid: ad93c3e0-a557-44c3-8e8a-c348fba6053d<br>Secteur: Secteur 1]]></description>
        <styleUrl>#icon-1899-0288D1</styleUrl>
        <ExtendedData>
          <Data name="Numéro inventaire Nantes Métropole">
            <value>AL_NM_20_0008</value>
          </Data>
          <Data name="Nom de la commune">
            <value>Saint-Sébastien-sur-Loire</value>
          </Data>
          <Data name="Nom du quartier">
            <value/>
          </Data>
          <Data name="Nom du pôle">
            <value>Loire, Sèvre et Vignoble</value>
          </Data>
          <Data name="Couleur RAL">
            <value>7035</value>
          </Data>
          <Data name="Géolocalisation">
            <value>47.19199108896178, -1.496979862361383</value>
          </Data>
          <Data name="Complément d'adresse">
            <value>Angle Rue Mendes France</value>
          </Data>
          <Data name="Statut">
            <value>Monté</value>
          </Data>
          <Data name="globalid">
            <value>ad93c3e0-a557-44c3-8e8a-c348fba6053d</value>
          </Data>
          <Data name="Secteur">
            <value>Secteur 1</value>
          </Data>
        </ExtendedData>
        <Point>
          <coordinates>
            -1.49697986236138,47.1919910889618,0
          </coordinates>
        </Point>
      </Placemark>
      <Placemark>
        <name>Rue de Beau Soleil</name>
        <description><![CDATA[Numéro inventaire Nantes Métropole: AL_NM_03_0003<br>Nom de la commune: Bouguenais<br>Nom du quartier: Villages Nord Ouest<br>Nom du pôle: Sud-Ouest<br>Couleur RAL: Bleu<br>Géolocalisation: 47.178288885495675, -1.6483640954323104<br>Complément d'adresse: angle Chemin des Grands Champs<br>Statut: Monté<br>globalid: 54d0af01-1020-4c7c-ab3a-dfd53ce4c632<br>Secteur: Secteur 3]]></description>
        <styleUrl>#icon-1899-0288D1</styleUrl>
        <ExtendedData>
          <Data name="Numéro inventaire Nantes Métropole">
            <value>AL_NM_03_0003</value>
          </Data>
          <Data name="Nom de la commune">
            <value>Bouguenais</value>
          </Data>
          <Data name="Nom du quartier">
            <value>Villages Nord Ouest</value>
          </Data>
          <Data name="Nom du pôle">
            <value>Sud-Ouest</value>
          </Data>
          <Data name="Couleur RAL">
            <value>Bleu</value>
          </Data>
          <Data name="Géolocalisation">
            <value>47.178288885495675, -1.6483640954323104</value>
          </Data>
          <Data name="Complément d'adresse">
            <value>angle Chemin des Grands Champs</value>
          </Data>
          <Data name="Statut">
            <value>Monté</value>
          </Data>
          <Data name="globalid">
            <value>54d0af01-1020-4c7c-ab3a-dfd53ce4c632</value>
          </Data>
          <Data name="Secteur">
            <value>Secteur 3</value>
          </Data>
        </ExtendedData>
        <Point>
          <coordinates>
            -1.64836409543231,47.1782888854957,0
          </coordinates>
        </Point>
      </Placemark>
      <Placemark>
        <name>Rue de la Couillauderie</name>
        <description><![CDATA[Numéro inventaire Nantes Métropole: AL_NM_03_0008<br>Nom de la commune: Bouguenais<br>Nom du quartier: Villages Sud Ouest<br>Nom du pôle: Sud-Ouest<br>Couleur RAL: Gris<br>Géolocalisation: 47.16552944080705, -1.6343562102849<br>Complément d'adresse: face à la rue des Champs de Bougon<br>Statut: Monté<br>globalid: ae44ad8b-4e15-4589-8d86-40072703af13<br>Secteur: Secteur 3]]></description>
        <styleUrl>#icon-1899-0288D1</styleUrl>
        <ExtendedData>
          <Data name="Numéro inventaire Nantes Métropole">
            <value>AL_NM_03_0008</value>
          </Data>
          <Data name="Nom de la commune">
            <value>Bouguenais</value>
          </Data>
          <Data name="Nom du quartier">
            <value>Villages Sud Ouest</value>
          </Data>
          <Data name="Nom du pôle">
            <value>Sud-Ouest</value>
          </Data>
          <Data name="Couleur RAL">
            <value>Gris</value>
          </Data>
          <Data name="Géolocalisation">
            <value>47.16552944080705, -1.6343562102849</value>
          </Data>
          <Data name="Complément d'adresse">
            <value>face à la rue des Champs de Bougon</value>
          </Data>
          <Data name="Statut">
            <value>Monté</value>
          </Data>
          <Data name="globalid">
            <value>ae44ad8b-4e15-4589-8d86-40072703af13</value>
          </Data>
          <Data name="Secteur">
            <value>Secteur 3</value>
          </Data>
        </ExtendedData>
        <Point>
          <coordinates>
            -1.6343562102849,47.165529440807,0
          </coordinates>
        </Point>
      </Placemark>
      <Placemark>
        <name>Rue de la Gagnerie</name>
        <description><![CDATA[Numéro inventaire Nantes Métropole: AL_NM_03_0009<br>Nom de la commune: Bouguenais<br>Nom du quartier: Bourg et Croix-Jeannette<br>Nom du pôle: Sud-Ouest<br>Couleur RAL: Gris<br>Géolocalisation: 47.170003387608546, -1.6204846185035335<br>Complément d'adresse: angle Rue Léon Blum<br>Statut: Monté<br>globalid: 6e3f9713-abe7-4af0-adb4-fb4db2c66235<br>Secteur: Secteur 3]]></description>
        <styleUrl>#icon-1899-0288D1</styleUrl>
        <ExtendedData>
          <Data name="Numéro inventaire Nantes Métropole">
            <value>AL_NM_03_0009</value>
          </Data>
          <Data name="Nom de la commune">
            <value>Bouguenais</value>
          </Data>
          <Data name="Nom du quartier">
            <value>Bourg et Croix-Jeannette</value>
          </Data>
          <Data name="Nom du pôle">
            <value>Sud-Ouest</value>
          </Data>
          <Data name="Couleur RAL">
            <value>Gris</value>
          </Data>
          <Data name="Géolocalisation">
            <value>47.170003387608546, -1.6204846185035335</value>
          </Data>
          <Data name="Complément d'adresse">
            <value>angle Rue Léon Blum</value>
          </Data>
          <Data name="Statut">
            <value>Monté</value>
          </Data>
          <Data name="globalid">
            <value>6e3f9713-abe7-4af0-adb4-fb4db2c66235</value>
          </Data>
          <Data name="Secteur">
            <value>Secteur 3</value>
          </Data>
        </ExtendedData>
        <Point>
          <coordinates>
            -1.62048461850353,47.1700033876085,0
          </coordinates>
        </Point>
      </Placemark>
      <Placemark>
        <name>Rue de la Pagerie</name>
        <description><![CDATA[Numéro inventaire Nantes Métropole: AL_NM_03_0012<br>Nom de la commune: Bouguenais<br>Nom du quartier: Villages Nord Ouest<br>Nom du pôle: Sud-Ouest<br>Couleur RAL: Gris<br>Géolocalisation: 47.17961485352651, -1.6430991208695034<br>Complément d'adresse: angle Chemin de la Sangle<br>Statut: Monté<br>globalid: 09853614-6d41-4d8c-8d88-2c270a72d1ad<br>Secteur: Secteur 3]]></description>
        <styleUrl>#icon-1899-0288D1</styleUrl>
        <ExtendedData>
          <Data name="Numéro inventaire Nantes Métropole">
            <value>AL_NM_03_0012</value>
          </Data>
          <Data name="Nom de la commune">
            <value>Bouguenais</value>
          </Data>
          <Data name="Nom du quartier">
            <value>Villages Nord Ouest</value>
          </Data>
          <Data name="Nom du pôle">
            <value>Sud-Ouest</value>
          </Data>
          <Data name="Couleur RAL">
            <value>Gris</value>
          </Data>
          <Data name="Géolocalisation">
            <value>47.17961485352651, -1.6430991208695034</value>
          </Data>
          <Data name="Complément d'adresse">
            <value>angle Chemin de la Sangle</value>
          </Data>
          <Data name="Statut">
            <value>Monté</value>
          </Data>
          <Data name="globalid">
            <value>09853614-6d41-4d8c-8d88-2c270a72d1ad</value>
          </Data>
          <Data name="Secteur">
            <value>Secteur 3</value>
          </Data>
        </ExtendedData>
        <Point>
          <coordinates>
            -1.6430991208695,47.1796148535265,0
          </coordinates>
        </Point>
      </Placemark>
      <Placemark>
        <name>Route de la Blanchardais</name>
        <description><![CDATA[Numéro inventaire Nantes Métropole: AL_NM_16_0004<br>Nom de la commune: Saint-Aignan de Grand Lieu<br>Nom du quartier: <br>Nom du pôle: Sud-Ouest<br>Couleur RAL: Gris<br>Géolocalisation: 47.13999536973573, -1.6139522083353892<br>Complément d'adresse: Route de la Paillerie<br>Statut: Monté<br>globalid: 67c9cd84-6cee-4b4e-94da-9c8486e01c22<br>Secteur: Secteur 3]]></description>
        <styleUrl>#icon-1899-0288D1</styleUrl>
        <ExtendedData>
          <Data name="Numéro inventaire Nantes Métropole">
            <value>AL_NM_16_0004</value>
          </Data>
          <Data name="Nom de la commune">
            <value>Saint-Aignan de Grand Lieu</value>
          </Data>
          <Data name="Nom du quartier">
            <value/>
          </Data>
          <Data name="Nom du pôle">
            <value>Sud-Ouest</value>
          </Data>
          <Data name="Couleur RAL">
            <value>Gris</value>
          </Data>
          <Data name="Géolocalisation">
            <value>47.13999536973573, -1.6139522083353892</value>
          </Data>
          <Data name="Complément d'adresse">
            <value>Route de la Paillerie</value>
          </Data>
          <Data name="Statut">
            <value>Monté</value>
          </Data>
          <Data name="globalid">
            <value>67c9cd84-6cee-4b4e-94da-9c8486e01c22</value>
          </Data>
          <Data name="Secteur">
            <value>Secteur 3</value>
          </Data>
        </ExtendedData>
        <Point>
          <coordinates>
            -1.61395220833539,47.1399953697357,0
          </coordinates>
        </Point>
      </Placemark>
      <Placemark>
        <name>Rue de La Matrasserie</name>
        <description><![CDATA[Numéro inventaire Nantes Métropole: AL_NM_03_0026<br>Nom de la commune: Bouguenais<br>Nom du quartier: Villages Sud Ouest<br>Nom du pôle: Sud-Ouest<br>Couleur RAL: Noir<br>Géolocalisation: 47.17288333266562, -1.6429750446259699<br>Complément d'adresse: face à la rue du Jauvray<br>Statut: Monté<br>globalid: 78aa3f97-855d-4ff7-80b1-4ede8f839d08<br>Secteur: Secteur 3]]></description>
        <styleUrl>#icon-1899-0288D1</styleUrl>
        <ExtendedData>
          <Data name="Numéro inventaire Nantes Métropole">
            <value>AL_NM_03_0026</value>
          </Data>
          <Data name="Nom de la commune">
            <value>Bouguenais</value>
          </Data>
          <Data name="Nom du quartier">
            <value>Villages Sud Ouest</value>
          </Data>
          <Data name="Nom du pôle">
            <value>Sud-Ouest</value>
          </Data>
          <Data name="Couleur RAL">
            <value>Noir</value>
          </Data>
          <Data name="Géolocalisation">
            <value>47.17288333266562, -1.6429750446259699</value>
          </Data>
          <Data name="Complément d'adresse">
            <value>face à la rue du Jauvray</value>
          </Data>
          <Data name="Statut">
            <value>Monté</value>
          </Data>
          <Data name="globalid">
            <value>78aa3f97-855d-4ff7-80b1-4ede8f839d08</value>
          </Data>
          <Data name="Secteur">
            <value>Secteur 3</value>
          </Data>
        </ExtendedData>
        <Point>
          <coordinates>
            -1.64297504462597,47.1728833326656,0
          </coordinates>
        </Point>
      </Placemark>
      <Placemark>
        <name>Rue Maurice Lagathu</name>
        <description><![CDATA[Numéro inventaire Nantes Métropole: AL_NM_15_0009<br>Nom de la commune: Rezé<br>Nom du quartier: Pont Rousseau<br>Nom du pôle: Loire, Sèvre et Vignoble<br>Couleur RAL: 7035<br>Géolocalisation: 47.18210837153134, -1.5382208191236202<br>Complément d'adresse: face au 29<br>Statut: Monté<br>globalid: 582c7733-da31-49aa-8cdc-89a1729241e5<br>Secteur: Secteur 1]]></description>
        <styleUrl>#icon-1899-0288D1</styleUrl>
        <ExtendedData>
          <Data name="Numéro inventaire Nantes Métropole">
            <value>AL_NM_15_0009</value>
          </Data>
          <Data name="Nom de la commune">
            <value>Rezé</value>
          </Data>
          <Data name="Nom du quartier">
            <value>Pont Rousseau</value>
          </Data>
          <Data name="Nom du pôle">
            <value>Loire, Sèvre et Vignoble</value>
          </Data>
          <Data name="Couleur RAL">
            <value>7035</value>
          </Data>
          <Data name="Géolocalisation">
            <value>47.18210837153134, -1.5382208191236202</value>
          </Data>
          <Data name="Complément d'adresse">
            <value>face au 29</value>
          </Data>
          <Data name="Statut">
            <value>Monté</value>
          </Data>
          <Data name="globalid">
            <value>582c7733-da31-49aa-8cdc-89a1729241e5</value>
          </Data>
          <Data name="Secteur">
            <value>Secteur 1</value>
          </Data>
        </ExtendedData>
        <Point>
          <coordinates>
            -1.53822081912362,47.1821083715313,0
          </coordinates>
        </Point>
      </Placemark>
      <Placemark>
        <name>Rue des Poyaux</name>
        <description><![CDATA[Numéro inventaire Nantes Métropole: AL_NM_15_0018<br>Nom de la commune: Rezé<br>Nom du quartier: Ragon<br>Nom du pôle: Loire, Sèvre et Vignoble<br>Couleur RAL: 7035<br>Géolocalisation: 47.16384091100441, -1.528593276685779<br>Complément d'adresse: Face Chemin des Faulx<br>Statut: Monté<br>globalid: 90cc1518-cc0c-46de-8761-0b4096a0882f<br>Secteur: Secteur 1]]></description>
        <styleUrl>#icon-1899-0288D1</styleUrl>
        <ExtendedData>
          <Data name="Numéro inventaire Nantes Métropole">
            <value>AL_NM_15_0018</value>
          </Data>
          <Data name="Nom de la commune">
            <value>Rezé</value>
          </Data>
          <Data name="Nom du quartier">
            <value>Ragon</value>
          </Data>
          <Data name="Nom du pôle">
            <value>Loire, Sèvre et Vignoble</value>
          </Data>
          <Data name="Couleur RAL">
            <value>7035</value>
          </Data>
          <Data name="Géolocalisation">
            <value>47.16384091100441, -1.528593276685779</value>
          </Data>
          <Data name="Complément d'adresse">
            <value>Face Chemin des Faulx</value>
          </Data>
          <Data name="Statut">
            <value>Monté</value>
          </Data>
          <Data name="globalid">
            <value>90cc1518-cc0c-46de-8761-0b4096a0882f</value>
          </Data>
          <Data name="Secteur">
            <value>Secteur 1</value>
          </Data>
        </ExtendedData>
        <Point>
          <coordinates>
            -1.52859327668578,47.1638409110044,0
          </coordinates>
        </Point>
      </Placemark>
      <Placemark>
        <name>Place Alfred Radigois</name>
        <description><![CDATA[Numéro inventaire Nantes Métropole: AL_NM_20_0010<br>Nom de la commune: Saint-Sébastien-sur-Loire<br>Nom du quartier: <br>Nom du pôle: Loire, Sèvre et Vignoble<br>Couleur RAL: 7035<br>Géolocalisation: 47.1933990535732, -1.5176935893775991<br>Complément d'adresse: Au 31<br>Statut: Monté<br>globalid: 8468028e-7e87-4c0a-958a-249dc41d7041<br>Secteur: Secteur 1]]></description>
        <styleUrl>#icon-1899-0288D1</styleUrl>
        <ExtendedData>
          <Data name="Numéro inventaire Nantes Métropole">
            <value>AL_NM_20_0010</value>
          </Data>
          <Data name="Nom de la commune">
            <value>Saint-Sébastien-sur-Loire</value>
          </Data>
          <Data name="Nom du quartier">
            <value/>
          </Data>
          <Data name="Nom du pôle">
            <value>Loire, Sèvre et Vignoble</value>
          </Data>
          <Data name="Couleur RAL">
            <value>7035</value>
          </Data>
          <Data name="Géolocalisation">
            <value>47.1933990535732, -1.5176935893775991</value>
          </Data>
          <Data name="Complément d'adresse">
            <value>Au 31</value>
          </Data>
          <Data name="Statut">
            <value>Monté</value>
          </Data>
          <Data name="globalid">
            <value>8468028e-7e87-4c0a-958a-249dc41d7041</value>
          </Data>
          <Data name="Secteur">
            <value>Secteur 1</value>
          </Data>
        </ExtendedData>
        <Point>
          <coordinates>
            -1.5176935893776,47.1933990535732,0
          </coordinates>
        </Point>
      </Placemark>
      <Placemark>
        <name><![CDATA[Rue de la Haie d'Ancheteau]]></name>
        <description><![CDATA[Numéro inventaire Nantes Métropole: AL_NM_03_0010<br>Nom de la commune: Bouguenais<br>Nom du quartier: Villages Nord Ouest<br>Nom du pôle: Sud-Ouest<br>Couleur RAL: Gris<br>Géolocalisation: 47.182801170561234, -1.6708624106620074<br>Complément d'adresse: angle avenue des Plantes<br>Statut: Monté<br>globalid: 5e205b96-043c-4067-811a-6e138de2c289<br>Secteur: Secteur 3]]></description>
        <styleUrl>#icon-1899-0288D1</styleUrl>
        <ExtendedData>
          <Data name="Numéro inventaire Nantes Métropole">
            <value>AL_NM_03_0010</value>
          </Data>
          <Data name="Nom de la commune">
            <value>Bouguenais</value>
          </Data>
          <Data name="Nom du quartier">
            <value>Villages Nord Ouest</value>
          </Data>
          <Data name="Nom du pôle">
            <value>Sud-Ouest</value>
          </Data>
          <Data name="Couleur RAL">
            <value>Gris</value>
          </Data>
          <Data name="Géolocalisation">
            <value>47.182801170561234, -1.6708624106620074</value>
          </Data>
          <Data name="Complément d'adresse">
            <value>angle avenue des Plantes</value>
          </Data>
          <Data name="Statut">
            <value>Monté</value>
          </Data>
          <Data name="globalid">
            <value>5e205b96-043c-4067-811a-6e138de2c289</value>
          </Data>
          <Data name="Secteur">
            <value>Secteur 3</value>
          </Data>
        </ExtendedData>
        <Point>
          <coordinates>
            -1.67086241066201,47.1828011705612,0
          </coordinates>
        </Point>
      </Placemark>
      <Placemark>
        <name>Rue Georges Clémenceau</name>
        <description><![CDATA[Numéro inventaire Nantes Métropole: AL_NM_03_0022<br>Nom de la commune: Bouguenais<br>Nom du quartier: Villages Est<br>Nom du pôle: Sud-Ouest<br>Couleur RAL: Gris<br>Géolocalisation: 47.17516224882797, -1.5784030788734096<br>Complément d'adresse: angle Rue des Saules<br>Statut: Monté<br>globalid: 36b59535-68c2-4238-a792-1814cbcf4405<br>Secteur: Secteur 3]]></description>
        <styleUrl>#icon-1899-0288D1</styleUrl>
        <ExtendedData>
          <Data name="Numéro inventaire Nantes Métropole">
            <value>AL_NM_03_0022</value>
          </Data>
          <Data name="Nom de la commune">
            <value>Bouguenais</value>
          </Data>
          <Data name="Nom du quartier">
            <value>Villages Est</value>
          </Data>
          <Data name="Nom du pôle">
            <value>Sud-Ouest</value>
          </Data>
          <Data name="Couleur RAL">
            <value>Gris</value>
          </Data>
          <Data name="Géolocalisation">
            <value>47.17516224882797, -1.5784030788734096</value>
          </Data>
          <Data name="Complément d'adresse">
            <value>angle Rue des Saules</value>
          </Data>
          <Data name="Statut">
            <value>Monté</value>
          </Data>
          <Data name="globalid">
            <value>36b59535-68c2-4238-a792-1814cbcf4405</value>
          </Data>
          <Data name="Secteur">
            <value>Secteur 3</value>
          </Data>
        </ExtendedData>
        <Point>
          <coordinates>
            -1.57840307887341,47.175162248828,0
          </coordinates>
        </Point>
      </Placemark>
      <Placemark>
        <name>Rue Salvador Allende</name>
        <description><![CDATA[Numéro inventaire Nantes Métropole: AL_NM_03_0025<br>Nom de la commune: Bouguenais<br>Nom du quartier: Bourg et Croix-Jeannette<br>Nom du pôle: Sud-Ouest<br>Couleur RAL: Gris<br>Géolocalisation: 47.17186953791661, -1.6241641418756787<br>Complément d'adresse: angle Rue Fernand Pelloutier<br>Statut: Monté<br>globalid: 743d2d55-b591-451f-a600-47fa633e4bcd<br>Secteur: Secteur 3]]></description>
        <styleUrl>#icon-1899-0288D1</styleUrl>
        <ExtendedData>
          <Data name="Numéro inventaire Nantes Métropole">
            <value>AL_NM_03_0025</value>
          </Data>
          <Data name="Nom de la commune">
            <value>Bouguenais</value>
          </Data>
          <Data name="Nom du quartier">
            <value>Bourg et Croix-Jeannette</value>
          </Data>
          <Data name="Nom du pôle">
            <value>Sud-Ouest</value>
          </Data>
          <Data name="Couleur RAL">
            <value>Gris</value>
          </Data>
          <Data name="Géolocalisation">
            <value>47.17186953791661, -1.6241641418756787</value>
          </Data>
          <Data name="Complément d'adresse">
            <value>angle Rue Fernand Pelloutier</value>
          </Data>
          <Data name="Statut">
            <value>Monté</value>
          </Data>
          <Data name="globalid">
            <value>743d2d55-b591-451f-a600-47fa633e4bcd</value>
          </Data>
          <Data name="Secteur">
            <value>Secteur 3</value>
          </Data>
        </ExtendedData>
        <Point>
          <coordinates>
            -1.62416414187568,47.1718695379166,0
          </coordinates>
        </Point>
      </Placemark>
      <Placemark>
        <name>Rue Saint Jacques</name>
        <description><![CDATA[Numéro inventaire Nantes Métropole: AL_NM_13_0005<br>Nom de la commune: Nantes<br>Nom du quartier: Nantes Sud<br>Nom du pôle: Nantes Centralité<br>Couleur RAL: 7035<br>Géolocalisation: 47.19657398589644, -1.538814319611942<br>Complément d'adresse: Face au 72<br>Statut: Monté<br>globalid: 1ce55813-fdf6-46fb-bc46-04c57cdfabe5<br>Secteur: Secteur 1]]></description>
        <styleUrl>#icon-1899-0288D1</styleUrl>
        <ExtendedData>
          <Data name="Numéro inventaire Nantes Métropole">
            <value>AL_NM_13_0005</value>
          </Data>
          <Data name="Nom de la commune">
            <value>Nantes</value>
          </Data>
          <Data name="Nom du quartier">
            <value>Nantes Sud</value>
          </Data>
          <Data name="Nom du pôle">
            <value>Nantes Centralité</value>
          </Data>
          <Data name="Couleur RAL">
            <value>7035</value>
          </Data>
          <Data name="Géolocalisation">
            <value>47.19657398589644, -1.538814319611942</value>
          </Data>
          <Data name="Complément d'adresse">
            <value>Face au 72</value>
          </Data>
          <Data name="Statut">
            <value>Monté</value>
          </Data>
          <Data name="globalid">
            <value>1ce55813-fdf6-46fb-bc46-04c57cdfabe5</value>
          </Data>
          <Data name="Secteur">
            <value>Secteur 1</value>
          </Data>
        </ExtendedData>
        <Point>
          <coordinates>
            -1.53881431961194,47.1965739858964,0
          </coordinates>
        </Point>
      </Placemark>
      <Placemark>
        <name>Rue Gabriel Goudy</name>
        <description><![CDATA[Numéro inventaire Nantes Métropole: AL_NM_13_0004<br>Nom de la commune: Nantes<br>Nom du quartier: Nantes Sud<br>Nom du pôle: Nantes Centralité<br>Couleur RAL: 7035<br>Géolocalisation: 47.194938330535116, -1.540003675530034<br>Complément d'adresse: Au 16<br>Statut: Monté<br>globalid: 62cbbc76-ab64-4a74-909a-5d8ea16aae69<br>Secteur: Secteur 1]]></description>
        <styleUrl>#icon-1899-0288D1</styleUrl>
        <ExtendedData>
          <Data name="Numéro inventaire Nantes Métropole">
            <value>AL_NM_13_0004</value>
          </Data>
          <Data name="Nom de la commune">
            <value>Nantes</value>
          </Data>
          <Data name="Nom du quartier">
            <value>Nantes Sud</value>
          </Data>
          <Data name="Nom du pôle">
            <value>Nantes Centralité</value>
          </Data>
          <Data name="Couleur RAL">
            <value>7035</value>
          </Data>
          <Data name="Géolocalisation">
            <value>47.194938330535116, -1.540003675530034</value>
          </Data>
          <Data name="Complément d'adresse">
            <value>Au 16</value>
          </Data>
          <Data name="Statut">
            <value>Monté</value>
          </Data>
          <Data name="globalid">
            <value>62cbbc76-ab64-4a74-909a-5d8ea16aae69</value>
          </Data>
          <Data name="Secteur">
            <value>Secteur 1</value>
          </Data>
        </ExtendedData>
        <Point>
          <coordinates>
            -1.54000367553003,47.1949383305351,0
          </coordinates>
        </Point>
      </Placemark>
      <Placemark>
        <name>Rue des Fromenteaux</name>
        <description><![CDATA[Numéro inventaire Nantes Métropole: AL_NM_13_0011<br>Nom de la commune: Nantes<br>Nom du quartier: Nantes Sud<br>Nom du pôle: Nantes Centralité<br>Couleur RAL: 7035<br>Géolocalisation: 47.187955971912366, -1.525432596931771<br>Complément d'adresse: Angle Rue André Messager<br>Statut: Monté<br>globalid: 5a547999-9a90-4c1f-bb51-d709c2ebe7d6<br>Secteur: Secteur 1]]></description>
        <styleUrl>#icon-1899-0288D1</styleUrl>
        <ExtendedData>
          <Data name="Numéro inventaire Nantes Métropole">
            <value>AL_NM_13_0011</value>
          </Data>
          <Data name="Nom de la commune">
            <value>Nantes</value>
          </Data>
          <Data name="Nom du quartier">
            <value>Nantes Sud</value>
          </Data>
          <Data name="Nom du pôle">
            <value>Nantes Centralité</value>
          </Data>
          <Data name="Couleur RAL">
            <value>7035</value>
          </Data>
          <Data name="Géolocalisation">
            <value>47.187955971912366, -1.525432596931771</value>
          </Data>
          <Data name="Complément d'adresse">
            <value>Angle Rue André Messager</value>
          </Data>
          <Data name="Statut">
            <value>Monté</value>
          </Data>
          <Data name="globalid">
            <value>5a547999-9a90-4c1f-bb51-d709c2ebe7d6</value>
          </Data>
          <Data name="Secteur">
            <value>Secteur 1</value>
          </Data>
        </ExtendedData>
        <Point>
          <coordinates>
            -1.52543259693177,47.1879559719124,0
          </coordinates>
        </Point>
      </Placemark>
      <Placemark>
        <name>Rue Jean Fraix</name>
        <description><![CDATA[Numéro inventaire Nantes Métropole: AL_NM_15_0008<br>Nom de la commune: Rezé<br>Nom du quartier: Pont Rousseau<br>Nom du pôle: Loire, Sèvre et Vignoble<br>Couleur RAL: 7035<br>Géolocalisation: 47.18596185736314, -1.542203419820349<br>Complément d'adresse: face Rue Théodore Patry<br>Statut: Monté<br>globalid: 55c37494-851b-4daa-a59b-5d1851a88f3a<br>Secteur: Secteur 1]]></description>
        <styleUrl>#icon-1899-0288D1</styleUrl>
        <ExtendedData>
          <Data name="Numéro inventaire Nantes Métropole">
            <value>AL_NM_15_0008</value>
          </Data>
          <Data name="Nom de la commune">
            <value>Rezé</value>
          </Data>
          <Data name="Nom du quartier">
            <value>Pont Rousseau</value>
          </Data>
          <Data name="Nom du pôle">
            <value>Loire, Sèvre et Vignoble</value>
          </Data>
          <Data name="Couleur RAL">
            <value>7035</value>
          </Data>
          <Data name="Géolocalisation">
            <value>47.18596185736314, -1.542203419820349</value>
          </Data>
          <Data name="Complément d'adresse">
            <value>face Rue Théodore Patry</value>
          </Data>
          <Data name="Statut">
            <value>Monté</value>
          </Data>
          <Data name="globalid">
            <value>55c37494-851b-4daa-a59b-5d1851a88f3a</value>
          </Data>
          <Data name="Secteur">
            <value>Secteur 1</value>
          </Data>
        </ExtendedData>
        <Point>
          <coordinates>
            -1.54220341982035,47.1859618573631,0
          </coordinates>
        </Point>
      </Placemark>
      <Placemark>
        <name>Rue Jean Jaurès</name>
        <description><![CDATA[Numéro inventaire Nantes Métropole: AL_NM_15_0021<br>Nom de la commune: Rezé<br>Nom du quartier: Pont Rousseau<br>Nom du pôle: Loire, Sèvre et Vignoble<br>Couleur RAL: 7035<br>Géolocalisation: 47.18578938589781, -1.5465659318913374<br>Complément d'adresse: Au 78<br>Statut: Monté<br>globalid: c7f2a2e9-7239-4f56-8f7e-32b0d0958954<br>Secteur: Secteur 1]]></description>
        <styleUrl>#icon-1899-0288D1</styleUrl>
        <ExtendedData>
          <Data name="Numéro inventaire Nantes Métropole">
            <value>AL_NM_15_0021</value>
          </Data>
          <Data name="Nom de la commune">
            <value>Rezé</value>
          </Data>
          <Data name="Nom du quartier">
            <value>Pont Rousseau</value>
          </Data>
          <Data name="Nom du pôle">
            <value>Loire, Sèvre et Vignoble</value>
          </Data>
          <Data name="Couleur RAL">
            <value>7035</value>
          </Data>
          <Data name="Géolocalisation">
            <value>47.18578938589781, -1.5465659318913374</value>
          </Data>
          <Data name="Complément d'adresse">
            <value>Au 78</value>
          </Data>
          <Data name="Statut">
            <value>Monté</value>
          </Data>
          <Data name="globalid">
            <value>c7f2a2e9-7239-4f56-8f7e-32b0d0958954</value>
          </Data>
          <Data name="Secteur">
            <value>Secteur 1</value>
          </Data>
        </ExtendedData>
        <Point>
          <coordinates>
            -1.54656593189134,47.1857893858978,0
          </coordinates>
        </Point>
      </Placemark>
      <Placemark>
        <name><![CDATA[Rue de l'Aviation]]></name>
        <description><![CDATA[Numéro inventaire Nantes Métropole: AL_NM_03_0005<br>Nom de la commune: Bouguenais<br>Nom du quartier: Villages Centre Sud Est<br>Nom du pôle: Sud-Ouest<br>Couleur RAL: Gris<br>Géolocalisation: 47.161108189651365, -1.5873541348347437<br>Complément d'adresse: angle Av du Brossais<br>Statut: Monté<br>globalid: 5ef35d7a-8e0f-486c-a9ed-1b4f8df35fc5<br>Secteur: Secteur 3]]></description>
        <styleUrl>#icon-1899-0288D1</styleUrl>
        <ExtendedData>
          <Data name="Numéro inventaire Nantes Métropole">
            <value>AL_NM_03_0005</value>
          </Data>
          <Data name="Nom de la commune">
            <value>Bouguenais</value>
          </Data>
          <Data name="Nom du quartier">
            <value>Villages Centre Sud Est</value>
          </Data>
          <Data name="Nom du pôle">
            <value>Sud-Ouest</value>
          </Data>
          <Data name="Couleur RAL">
            <value>Gris</value>
          </Data>
          <Data name="Géolocalisation">
            <value>47.161108189651365, -1.5873541348347437</value>
          </Data>
          <Data name="Complément d'adresse">
            <value>angle Av du Brossais</value>
          </Data>
          <Data name="Statut">
            <value>Monté</value>
          </Data>
          <Data name="globalid">
            <value>5ef35d7a-8e0f-486c-a9ed-1b4f8df35fc5</value>
          </Data>
          <Data name="Secteur">
            <value>Secteur 3</value>
          </Data>
        </ExtendedData>
        <Point>
          <coordinates>
            -1.58735413483474,47.1611081896514,0
          </coordinates>
        </Point>
      </Placemark>
      <Placemark>
        <name>Avenue du Général De Gaulle</name>
        <description><![CDATA[Numéro inventaire Nantes Métropole: AL_NM_03_0001<br>Nom de la commune: Bouguenais<br>Nom du quartier: Bourg et Croix-Jeannette<br>Nom du pôle: Sud-Ouest<br>Couleur RAL: Bleu<br>Géolocalisation: 47.177882372423355, -1.61917506418058<br>Complément d'adresse: Au 33 Ecole Chateaubriand<br>Statut: Monté<br>globalid: 2077ad68-aa86-4ade-8778-05a441fe9b83<br>Secteur: Secteur 3]]></description>
        <styleUrl>#icon-1899-0288D1</styleUrl>
        <ExtendedData>
          <Data name="Numéro inventaire Nantes Métropole">
            <value>AL_NM_03_0001</value>
          </Data>
          <Data name="Nom de la commune">
            <value>Bouguenais</value>
          </Data>
          <Data name="Nom du quartier">
            <value>Bourg et Croix-Jeannette</value>
          </Data>
          <Data name="Nom du pôle">
            <value>Sud-Ouest</value>
          </Data>
          <Data name="Couleur RAL">
            <value>Bleu</value>
          </Data>
          <Data name="Géolocalisation">
            <value>47.177882372423355, -1.61917506418058</value>
          </Data>
          <Data name="Complément d'adresse">
            <value>Au 33 Ecole Chateaubriand</value>
          </Data>
          <Data name="Statut">
            <value>Monté</value>
          </Data>
          <Data name="globalid">
            <value>2077ad68-aa86-4ade-8778-05a441fe9b83</value>
          </Data>
          <Data name="Secteur">
            <value>Secteur 3</value>
          </Data>
        </ExtendedData>
        <Point>
          <coordinates>
            -1.61917506418058,47.1778823724234,0
          </coordinates>
        </Point>
      </Placemark>
      <Placemark>
        <name>Place des Pêcheurs</name>
        <description><![CDATA[Numéro inventaire Nantes Métropole: AL_NM_02_0002<br>Nom de la commune: Bouaye<br>Nom du quartier: <br>Nom du pôle: Sud-Ouest<br>Couleur RAL: Gris<br>Géolocalisation: 47.13656059889374, -1.6692856724460323<br>Complément d'adresse: Rue de l’Etier au 1<br>Statut: Monté<br>globalid: d0b62d01-f14a-42e7-b22d-5eda6d706616<br>Secteur: Secteur 3]]></description>
        <styleUrl>#icon-1899-0288D1</styleUrl>
        <ExtendedData>
          <Data name="Numéro inventaire Nantes Métropole">
            <value>AL_NM_02_0002</value>
          </Data>
          <Data name="Nom de la commune">
            <value>Bouaye</value>
          </Data>
          <Data name="Nom du quartier">
            <value/>
          </Data>
          <Data name="Nom du pôle">
            <value>Sud-Ouest</value>
          </Data>
          <Data name="Couleur RAL">
            <value>Gris</value>
          </Data>
          <Data name="Géolocalisation">
            <value>47.13656059889374, -1.6692856724460323</value>
          </Data>
          <Data name="Complément d'adresse">
            <value>Rue de l’Etier au 1</value>
          </Data>
          <Data name="Statut">
            <value>Monté</value>
          </Data>
          <Data name="globalid">
            <value>d0b62d01-f14a-42e7-b22d-5eda6d706616</value>
          </Data>
          <Data name="Secteur">
            <value>Secteur 3</value>
          </Data>
        </ExtendedData>
        <Point>
          <coordinates>
            -1.66928567244603,47.1365605988937,0
          </coordinates>
        </Point>
      </Placemark>
      <Placemark>
        <name>Rue de la Mouchonnerie</name>
        <description><![CDATA[Numéro inventaire Nantes Métropole: AL_NM_03_0011<br>Nom de la commune: Bouguenais<br>Nom du quartier: Villages Sud Ouest<br>Nom du pôle: Sud-Ouest<br>Couleur RAL: Gris<br>Géolocalisation: 47.17507450066883, -1.6576888652509594<br>Complément d'adresse: angle La Mouchonnerie<br>Statut: Monté<br>globalid: c2e2e767-09dc-42d9-9cdd-ced370744692<br>Secteur: Secteur 3]]></description>
        <styleUrl>#icon-1899-0288D1</styleUrl>
        <ExtendedData>
          <Data name="Numéro inventaire Nantes Métropole">
            <value>AL_NM_03_0011</value>
          </Data>
          <Data name="Nom de la commune">
            <value>Bouguenais</value>
          </Data>
          <Data name="Nom du quartier">
            <value>Villages Sud Ouest</value>
          </Data>
          <Data name="Nom du pôle">
            <value>Sud-Ouest</value>
          </Data>
          <Data name="Couleur RAL">
            <value>Gris</value>
          </Data>
          <Data name="Géolocalisation">
            <value>47.17507450066883, -1.6576888652509594</value>
          </Data>
          <Data name="Complément d'adresse">
            <value>angle La Mouchonnerie</value>
          </Data>
          <Data name="Statut">
            <value>Monté</value>
          </Data>
          <Data name="globalid">
            <value>c2e2e767-09dc-42d9-9cdd-ced370744692</value>
          </Data>
          <Data name="Secteur">
            <value>Secteur 3</value>
          </Data>
        </ExtendedData>
        <Point>
          <coordinates>
            -1.65768886525096,47.1750745006688,0
          </coordinates>
        </Point>
      </Placemark>
      <Placemark>
        <name>Rue des Pêcheurs</name>
        <description><![CDATA[Numéro inventaire Nantes Métropole: AL_NM_03_0020<br>Nom de la commune: Bouguenais<br>Nom du quartier: Villages Nord Ouest<br>Nom du pôle: Sud-Ouest<br>Couleur RAL: Gris<br>Géolocalisation: 47.18663686770132, -1.6343326384056545<br>Complément d'adresse: angle Rue du Port Lavigne<br>Statut: Monté<br>globalid: b6fe6545-208e-4275-bdb3-65f0447c7c3c<br>Secteur: Secteur 3]]></description>
        <styleUrl>#icon-1899-0288D1</styleUrl>
        <ExtendedData>
          <Data name="Numéro inventaire Nantes Métropole">
            <value>AL_NM_03_0020</value>
          </Data>
          <Data name="Nom de la commune">
            <value>Bouguenais</value>
          </Data>
          <Data name="Nom du quartier">
            <value>Villages Nord Ouest</value>
          </Data>
          <Data name="Nom du pôle">
            <value>Sud-Ouest</value>
          </Data>
          <Data name="Couleur RAL">
            <value>Gris</value>
          </Data>
          <Data name="Géolocalisation">
            <value>47.18663686770132, -1.6343326384056545</value>
          </Data>
          <Data name="Complément d'adresse">
            <value>angle Rue du Port Lavigne</value>
          </Data>
          <Data name="Statut">
            <value>Monté</value>
          </Data>
          <Data name="globalid">
            <value>b6fe6545-208e-4275-bdb3-65f0447c7c3c</value>
          </Data>
          <Data name="Secteur">
            <value>Secteur 3</value>
          </Data>
        </ExtendedData>
        <Point>
          <coordinates>
            -1.63433263840565,47.1866368677013,0
          </coordinates>
        </Point>
      </Placemark>
      <Placemark>
        <name>Rue Eugène Pottier</name>
        <description><![CDATA[Numéro inventaire Nantes Métropole: AL_NM_03_0021<br>Nom de la commune: Bouguenais<br>Nom du quartier: Bourg et Croix-Jeannette<br>Nom du pôle: Sud-Ouest<br>Couleur RAL: Gris<br>Géolocalisation: 47.17855598965962, -1.6283565930238801<br>Complément d'adresse: angle Rue de Beauvoir<br>Statut: Monté<br>globalid: e55c1460-8283-48dc-807d-76d673f82346<br>Secteur: Secteur 3]]></description>
        <styleUrl>#icon-1899-0288D1</styleUrl>
        <ExtendedData>
          <Data name="Numéro inventaire Nantes Métropole">
            <value>AL_NM_03_0021</value>
          </Data>
          <Data name="Nom de la commune">
            <value>Bouguenais</value>
          </Data>
          <Data name="Nom du quartier">
            <value>Bourg et Croix-Jeannette</value>
          </Data>
          <Data name="Nom du pôle">
            <value>Sud-Ouest</value>
          </Data>
          <Data name="Couleur RAL">
            <value>Gris</value>
          </Data>
          <Data name="Géolocalisation">
            <value>47.17855598965962, -1.6283565930238801</value>
          </Data>
          <Data name="Complément d'adresse">
            <value>angle Rue de Beauvoir</value>
          </Data>
          <Data name="Statut">
            <value>Monté</value>
          </Data>
          <Data name="globalid">
            <value>e55c1460-8283-48dc-807d-76d673f82346</value>
          </Data>
          <Data name="Secteur">
            <value>Secteur 3</value>
          </Data>
        </ExtendedData>
        <Point>
          <coordinates>
            -1.62835659302388,47.1785559896596,0
          </coordinates>
        </Point>
      </Placemark>
      <Placemark>
        <name>Route du Champ de Foire</name>
        <description><![CDATA[Numéro inventaire Nantes Métropole: AL_NM_16_0002<br>Nom de la commune: Saint-Aignan de Grand Lieu<br>Nom du quartier: <br>Nom du pôle: Sud-Ouest<br>Couleur RAL: Gris<br>Géolocalisation: 47.12470544954646, -1.61853959378723<br>Complément d'adresse: face au 24<br>Statut: Monté<br>globalid: 017275ba-d15b-4d4d-b5b5-0b9dd289be55<br>Secteur: Secteur 3]]></description>
        <styleUrl>#icon-1899-0288D1</styleUrl>
        <ExtendedData>
          <Data name="Numéro inventaire Nantes Métropole">
            <value>AL_NM_16_0002</value>
          </Data>
          <Data name="Nom de la commune">
            <value>Saint-Aignan de Grand Lieu</value>
          </Data>
          <Data name="Nom du quartier">
            <value/>
          </Data>
          <Data name="Nom du pôle">
            <value>Sud-Ouest</value>
          </Data>
          <Data name="Couleur RAL">
            <value>Gris</value>
          </Data>
          <Data name="Géolocalisation">
            <value>47.12470544954646, -1.61853959378723</value>
          </Data>
          <Data name="Complément d'adresse">
            <value>face au 24</value>
          </Data>
          <Data name="Statut">
            <value>Monté</value>
          </Data>
          <Data name="globalid">
            <value>017275ba-d15b-4d4d-b5b5-0b9dd289be55</value>
          </Data>
          <Data name="Secteur">
            <value>Secteur 3</value>
          </Data>
        </ExtendedData>
        <Point>
          <coordinates>
            -1.61853959378723,47.1247054495465,0
          </coordinates>
        </Point>
      </Placemark>
      <Placemark>
        <name>Boulevard Jean Monnet</name>
        <description><![CDATA[Numéro inventaire Nantes Métropole: AL_NM_02_0006<br>Nom de la commune: Bouaye<br>Nom du quartier: <br>Nom du pôle: Sud-Ouest<br>Couleur RAL: Gris<br>Géolocalisation: 47.1338892, -1.6461433<br>Complément d'adresse: Lycée<br>Statut: Monté<br>globalid: 392a5458-af95-4162-98b5-3049eca36ce5<br>Secteur: Secteur 3]]></description>
        <styleUrl>#icon-1899-0288D1</styleUrl>
        <ExtendedData>
          <Data name="Numéro inventaire Nantes Métropole">
            <value>AL_NM_02_0006</value>
          </Data>
          <Data name="Nom de la commune">
            <value>Bouaye</value>
          </Data>
          <Data name="Nom du quartier">
            <value/>
          </Data>
          <Data name="Nom du pôle">
            <value>Sud-Ouest</value>
          </Data>
          <Data name="Couleur RAL">
            <value>Gris</value>
          </Data>
          <Data name="Géolocalisation">
            <value>47.1338892, -1.6461433</value>
          </Data>
          <Data name="Complément d'adresse">
            <value>Lycée</value>
          </Data>
          <Data name="Statut">
            <value>Monté</value>
          </Data>
          <Data name="globalid">
            <value>392a5458-af95-4162-98b5-3049eca36ce5</value>
          </Data>
          <Data name="Secteur">
            <value>Secteur 3</value>
          </Data>
        </ExtendedData>
        <Point>
          <coordinates>
            -1.6461433,47.1338892,0
          </coordinates>
        </Point>
      </Placemark>
      <Placemark>
        <name>Rue Ambroise Pierre Audouard</name>
        <description><![CDATA[Numéro inventaire Nantes Métropole: AL_NM_13_0009<br>Nom de la commune: Nantes<br>Nom du quartier: Nantes Sud<br>Nom du pôle: Nantes Centralité<br>Couleur RAL: 7035<br>Géolocalisation: 47.18847561695525, -1.5261473809107178<br>Complément d'adresse: angle Rue Marc Sangnier<br>Statut: Monté<br>globalid: 97a72eb2-a072-4144-8b68-d8acd9a3cda2<br>Secteur: Secteur 1]]></description>
        <styleUrl>#icon-1899-0288D1</styleUrl>
        <ExtendedData>
          <Data name="Numéro inventaire Nantes Métropole">
            <value>AL_NM_13_0009</value>
          </Data>
          <Data name="Nom de la commune">
            <value>Nantes</value>
          </Data>
          <Data name="Nom du quartier">
            <value>Nantes Sud</value>
          </Data>
          <Data name="Nom du pôle">
            <value>Nantes Centralité</value>
          </Data>
          <Data name="Couleur RAL">
            <value>7035</value>
          </Data>
          <Data name="Géolocalisation">
            <value>47.18847561695525, -1.5261473809107178</value>
          </Data>
          <Data name="Complément d'adresse">
            <value>angle Rue Marc Sangnier</value>
          </Data>
          <Data name="Statut">
            <value>Monté</value>
          </Data>
          <Data name="globalid">
            <value>97a72eb2-a072-4144-8b68-d8acd9a3cda2</value>
          </Data>
          <Data name="Secteur">
            <value>Secteur 1</value>
          </Data>
        </ExtendedData>
        <Point>
          <coordinates>
            -1.52614738091072,47.1884756169553,0
          </coordinates>
        </Point>
      </Placemark>
      <Placemark>
        <name>Rue de la Ravardière</name>
        <description><![CDATA[Numéro inventaire Nantes Métropole: AL_NM_03_0014<br>Nom de la commune: Bouguenais<br>Nom du quartier: Villages Nord Ouest<br>Nom du pôle: Sud-Ouest<br>Couleur RAL: Gris<br>Géolocalisation: 47.1835789464958, -1.6620624046043588<br>Complément d'adresse: Au 13<br>Statut: Monté<br>globalid: e27a441d-b9ab-4656-8e1a-092a514fa793<br>Secteur: Secteur 3]]></description>
        <styleUrl>#icon-1899-0288D1</styleUrl>
        <ExtendedData>
          <Data name="Numéro inventaire Nantes Métropole">
            <value>AL_NM_03_0014</value>
          </Data>
          <Data name="Nom de la commune">
            <value>Bouguenais</value>
          </Data>
          <Data name="Nom du quartier">
            <value>Villages Nord Ouest</value>
          </Data>
          <Data name="Nom du pôle">
            <value>Sud-Ouest</value>
          </Data>
          <Data name="Couleur RAL">
            <value>Gris</value>
          </Data>
          <Data name="Géolocalisation">
            <value>47.1835789464958, -1.6620624046043588</value>
          </Data>
          <Data name="Complément d'adresse">
            <value>Au 13</value>
          </Data>
          <Data name="Statut">
            <value>Monté</value>
          </Data>
          <Data name="globalid">
            <value>e27a441d-b9ab-4656-8e1a-092a514fa793</value>
          </Data>
          <Data name="Secteur">
            <value>Secteur 3</value>
          </Data>
        </ExtendedData>
        <Point>
          <coordinates>
            -1.66206240460436,47.1835789464958,0
          </coordinates>
        </Point>
      </Placemark>
      <Placemark>
        <name>Rue Gabriel Goudy</name>
        <description><![CDATA[Numéro inventaire Nantes Métropole: AL_NM_13_0003<br>Nom de la commune: Nantes<br>Nom du quartier: Nantes Sud<br>Nom du pôle: Nantes Centralité<br>Couleur RAL: 7035<br>Géolocalisation: 47.19615008343933, -1.5414657159851433<br>Complément d'adresse: Angle Rue Esnoul Des Chatelets<br>Statut: Monté<br>globalid: 25830c8d-8902-4c20-9b4f-bf9a90b04046<br>Secteur: Secteur 1]]></description>
        <styleUrl>#icon-1899-0288D1</styleUrl>
        <ExtendedData>
          <Data name="Numéro inventaire Nantes Métropole">
            <value>AL_NM_13_0003</value>
          </Data>
          <Data name="Nom de la commune">
            <value>Nantes</value>
          </Data>
          <Data name="Nom du quartier">
            <value>Nantes Sud</value>
          </Data>
          <Data name="Nom du pôle">
            <value>Nantes Centralité</value>
          </Data>
          <Data name="Couleur RAL">
            <value>7035</value>
          </Data>
          <Data name="Géolocalisation">
            <value>47.19615008343933, -1.5414657159851433</value>
          </Data>
          <Data name="Complément d'adresse">
            <value>Angle Rue Esnoul Des Chatelets</value>
          </Data>
          <Data name="Statut">
            <value>Monté</value>
          </Data>
          <Data name="globalid">
            <value>25830c8d-8902-4c20-9b4f-bf9a90b04046</value>
          </Data>
          <Data name="Secteur">
            <value>Secteur 1</value>
          </Data>
        </ExtendedData>
        <Point>
          <coordinates>
            -1.54146571598514,47.1961500834393,0
          </coordinates>
        </Point>
      </Placemark>
      <Placemark>
        <name>Rue Ordronneau</name>
        <description><![CDATA[Numéro inventaire Nantes Métropole: AL_NM_15_0002<br>Nom de la commune: Rezé<br>Nom du quartier: Trentemoult<br>Nom du pôle: Loire, Sèvre et Vignoble<br>Couleur RAL: 7035<br>Géolocalisation: 47.19139485515862, -1.584566382194587<br>Complément d'adresse: angle Rue de Californie<br>Statut: Monté<br>globalid: e041dc6d-344f-4d36-b5bd-e85b9cbbd93a<br>Secteur: Secteur 1]]></description>
        <styleUrl>#icon-1899-0288D1</styleUrl>
        <ExtendedData>
          <Data name="Numéro inventaire Nantes Métropole">
            <value>AL_NM_15_0002</value>
          </Data>
          <Data name="Nom de la commune">
            <value>Rezé</value>
          </Data>
          <Data name="Nom du quartier">
            <value>Trentemoult</value>
          </Data>
          <Data name="Nom du pôle">
            <value>Loire, Sèvre et Vignoble</value>
          </Data>
          <Data name="Couleur RAL">
            <value>7035</value>
          </Data>
          <Data name="Géolocalisation">
            <value>47.19139485515862, -1.584566382194587</value>
          </Data>
          <Data name="Complément d'adresse">
            <value>angle Rue de Californie</value>
          </Data>
          <Data name="Statut">
            <value>Monté</value>
          </Data>
          <Data name="globalid">
            <value>e041dc6d-344f-4d36-b5bd-e85b9cbbd93a</value>
          </Data>
          <Data name="Secteur">
            <value>Secteur 1</value>
          </Data>
        </ExtendedData>
        <Point>
          <coordinates>
            -1.58456638219459,47.1913948551586,0
          </coordinates>
        </Point>
      </Placemark>
      <Placemark>
        <name>Rue du Château de Rezé</name>
        <description><![CDATA[Numéro inventaire Nantes Métropole: AL_NM_15_0004<br>Nom de la commune: Rezé<br>Nom du quartier: Château de Rezé<br>Nom du pôle: Loire, Sèvre et Vignoble<br>Couleur RAL: 7035<br>Géolocalisation: 47.18074869124031, -1.5598753261735487<br>Complément d'adresse: face Rue Maurice Utrillo<br>Statut: Monté<br>globalid: 9c218dcf-f13b-4dd4-9e42-2a56cd1417b6<br>Secteur: Secteur 1]]></description>
        <styleUrl>#icon-1899-0288D1</styleUrl>
        <ExtendedData>
          <Data name="Numéro inventaire Nantes Métropole">
            <value>AL_NM_15_0004</value>
          </Data>
          <Data name="Nom de la commune">
            <value>Rezé</value>
          </Data>
          <Data name="Nom du quartier">
            <value>Château de Rezé</value>
          </Data>
          <Data name="Nom du pôle">
            <value>Loire, Sèvre et Vignoble</value>
          </Data>
          <Data name="Couleur RAL">
            <value>7035</value>
          </Data>
          <Data name="Géolocalisation">
            <value>47.18074869124031, -1.5598753261735487</value>
          </Data>
          <Data name="Complément d'adresse">
            <value>face Rue Maurice Utrillo</value>
          </Data>
          <Data name="Statut">
            <value>Monté</value>
          </Data>
          <Data name="globalid">
            <value>9c218dcf-f13b-4dd4-9e42-2a56cd1417b6</value>
          </Data>
          <Data name="Secteur">
            <value>Secteur 1</value>
          </Data>
        </ExtendedData>
        <Point>
          <coordinates>
            -1.55987532617355,47.1807486912403,0
          </coordinates>
        </Point>
      </Placemark>
      <Placemark>
        <name>Rue des Hucasseries</name>
        <description><![CDATA[Numéro inventaire Nantes Métropole: AL_NM_15_0012<br>Nom de la commune: Rezé<br>Nom du quartier: Blordière<br>Nom du pôle: Loire, Sèvre et Vignoble<br>Couleur RAL: 7035<br>Géolocalisation: 47.175794486825176, -1.5345096815381891<br>Complément d'adresse: Giratoire Jaunais<br>Statut: Monté<br>globalid: 19b8e77e-effa-422b-a27b-5be266b2bd7f<br>Secteur: Secteur 1]]></description>
        <styleUrl>#icon-1899-0288D1</styleUrl>
        <ExtendedData>
          <Data name="Numéro inventaire Nantes Métropole">
            <value>AL_NM_15_0012</value>
          </Data>
          <Data name="Nom de la commune">
            <value>Rezé</value>
          </Data>
          <Data name="Nom du quartier">
            <value>Blordière</value>
          </Data>
          <Data name="Nom du pôle">
            <value>Loire, Sèvre et Vignoble</value>
          </Data>
          <Data name="Couleur RAL">
            <value>7035</value>
          </Data>
          <Data name="Géolocalisation">
            <value>47.175794486825176, -1.5345096815381891</value>
          </Data>
          <Data name="Complément d'adresse">
            <value>Giratoire Jaunais</value>
          </Data>
          <Data name="Statut">
            <value>Monté</value>
          </Data>
          <Data name="globalid">
            <value>19b8e77e-effa-422b-a27b-5be266b2bd7f</value>
          </Data>
          <Data name="Secteur">
            <value>Secteur 1</value>
          </Data>
        </ExtendedData>
        <Point>
          <coordinates>
            -1.53450968153819,47.1757944868252,0
          </coordinates>
        </Point>
      </Placemark>
      <Placemark>
        <name>Avenue Léon Blum</name>
        <description><![CDATA[Numéro inventaire Nantes Métropole: AL_NM_15_0016<br>Nom de la commune: Rezé<br>Nom du quartier: Château de Rezé<br>Nom du pôle: Loire, Sèvre et Vignoble<br>Couleur RAL: 7035<br>Géolocalisation: 47.18292517233942, -1.569809994420468<br>Complément d'adresse: Entrée du Stade<br>Statut: Monté<br>globalid: b1610806-cce8-467f-9ea2-492783d24ee8<br>Secteur: Secteur 1]]></description>
        <styleUrl>#icon-1899-0288D1</styleUrl>
        <ExtendedData>
          <Data name="Numéro inventaire Nantes Métropole">
            <value>AL_NM_15_0016</value>
          </Data>
          <Data name="Nom de la commune">
            <value>Rezé</value>
          </Data>
          <Data name="Nom du quartier">
            <value>Château de Rezé</value>
          </Data>
          <Data name="Nom du pôle">
            <value>Loire, Sèvre et Vignoble</value>
          </Data>
          <Data name="Couleur RAL">
            <value>7035</value>
          </Data>
          <Data name="Géolocalisation">
            <value>47.18292517233942, -1.569809994420468</value>
          </Data>
          <Data name="Complément d'adresse">
            <value>Entrée du Stade</value>
          </Data>
          <Data name="Statut">
            <value>Monté</value>
          </Data>
          <Data name="globalid">
            <value>b1610806-cce8-467f-9ea2-492783d24ee8</value>
          </Data>
          <Data name="Secteur">
            <value>Secteur 1</value>
          </Data>
        </ExtendedData>
        <Point>
          <coordinates>
            -1.56980999442047,47.1829251723394,0
          </coordinates>
        </Point>
      </Placemark>
      <Placemark>
        <name>Rue de la Robinière</name>
        <description><![CDATA[Numéro inventaire Nantes Métropole: AL_NM_15_0017<br>Nom de la commune: Rezé<br>Nom du quartier: Ragon<br>Nom du pôle: Loire, Sèvre et Vignoble<br>Couleur RAL: 7035<br>Géolocalisation: 47.16512208930965, -1.5336854696898445<br>Complément d'adresse: accés du stade<br>Statut: Monté<br>globalid: ca5789bf-818f-47ac-a24b-cef66f1bcd39<br>Secteur: Secteur 1]]></description>
        <styleUrl>#icon-1899-0288D1</styleUrl>
        <ExtendedData>
          <Data name="Numéro inventaire Nantes Métropole">
            <value>AL_NM_15_0017</value>
          </Data>
          <Data name="Nom de la commune">
            <value>Rezé</value>
          </Data>
          <Data name="Nom du quartier">
            <value>Ragon</value>
          </Data>
          <Data name="Nom du pôle">
            <value>Loire, Sèvre et Vignoble</value>
          </Data>
          <Data name="Couleur RAL">
            <value>7035</value>
          </Data>
          <Data name="Géolocalisation">
            <value>47.16512208930965, -1.5336854696898445</value>
          </Data>
          <Data name="Complément d'adresse">
            <value>accés du stade</value>
          </Data>
          <Data name="Statut">
            <value>Monté</value>
          </Data>
          <Data name="globalid">
            <value>ca5789bf-818f-47ac-a24b-cef66f1bcd39</value>
          </Data>
          <Data name="Secteur">
            <value>Secteur 1</value>
          </Data>
        </ExtendedData>
        <Point>
          <coordinates>
            -1.53368546968984,47.1651220893096,0
          </coordinates>
        </Point>
      </Placemark>
      <Placemark>
        <name>Rue de la Basse Lande</name>
        <description><![CDATA[Numéro inventaire Nantes Métropole: AL_NM_15_0019<br>Nom de la commune: Rezé<br>Nom du quartier: Pont Rousseau<br>Nom du pôle: Loire, Sèvre et Vignoble<br>Couleur RAL: 7035<br>Géolocalisation: 47.1807141345907, -1.5406118947904102<br>Complément d'adresse: au 22 Face au Square<br>Statut: Monté<br>globalid: 37a71638-7c4f-4464-9281-437d576240ca<br>Secteur: Secteur 1]]></description>
        <styleUrl>#icon-1899-0288D1</styleUrl>
        <ExtendedData>
          <Data name="Numéro inventaire Nantes Métropole">
            <value>AL_NM_15_0019</value>
          </Data>
          <Data name="Nom de la commune">
            <value>Rezé</value>
          </Data>
          <Data name="Nom du quartier">
            <value>Pont Rousseau</value>
          </Data>
          <Data name="Nom du pôle">
            <value>Loire, Sèvre et Vignoble</value>
          </Data>
          <Data name="Couleur RAL">
            <value>7035</value>
          </Data>
          <Data name="Géolocalisation">
            <value>47.1807141345907, -1.5406118947904102</value>
          </Data>
          <Data name="Complément d'adresse">
            <value>au 22 Face au Square</value>
          </Data>
          <Data name="Statut">
            <value>Monté</value>
          </Data>
          <Data name="globalid">
            <value>37a71638-7c4f-4464-9281-437d576240ca</value>
          </Data>
          <Data name="Secteur">
            <value>Secteur 1</value>
          </Data>
        </ExtendedData>
        <Point>
          <coordinates>
            -1.54061189479041,47.1807141345907,0
          </coordinates>
        </Point>
      </Placemark>
      <Placemark>
        <name>Rue de Beaugency</name>
        <description><![CDATA[Numéro inventaire Nantes Métropole: AL_NM_20_0001<br>Nom de la commune: Saint-Sébastien-sur-Loire<br>Nom du quartier: <br>Nom du pôle: Loire, Sèvre et Vignoble<br>Couleur RAL: 7035<br>Géolocalisation: 47.203872956351205, -1.491778311148904<br>Complément d'adresse: Face au 18<br>Statut: Monté<br>globalid: 571c2bb0-a8b7-48d0-a573-95cf800a7060<br>Secteur: Secteur 1]]></description>
        <styleUrl>#icon-1899-0288D1</styleUrl>
        <ExtendedData>
          <Data name="Numéro inventaire Nantes Métropole">
            <value>AL_NM_20_0001</value>
          </Data>
          <Data name="Nom de la commune">
            <value>Saint-Sébastien-sur-Loire</value>
          </Data>
          <Data name="Nom du quartier">
            <value/>
          </Data>
          <Data name="Nom du pôle">
            <value>Loire, Sèvre et Vignoble</value>
          </Data>
          <Data name="Couleur RAL">
            <value>7035</value>
          </Data>
          <Data name="Géolocalisation">
            <value>47.203872956351205, -1.491778311148904</value>
          </Data>
          <Data name="Complément d'adresse">
            <value>Face au 18</value>
          </Data>
          <Data name="Statut">
            <value>Monté</value>
          </Data>
          <Data name="globalid">
            <value>571c2bb0-a8b7-48d0-a573-95cf800a7060</value>
          </Data>
          <Data name="Secteur">
            <value>Secteur 1</value>
          </Data>
        </ExtendedData>
        <Point>
          <coordinates>
            -1.4917783111489,47.2038729563512,0
          </coordinates>
        </Point>
      </Placemark>
      <Placemark>
        <name>Avenue de Glinde</name>
        <description><![CDATA[Numéro inventaire Nantes Métropole: AL_NM_20_0004<br>Nom de la commune: Saint-Sébastien-sur-Loire<br>Nom du quartier: <br>Nom du pôle: Loire, Sèvre et Vignoble<br>Couleur RAL: 7035<br>Géolocalisation: 47.20889883873892, -1.4890582581895788<br>Complément d'adresse: Angle Rue du Général de Gaulle<br>Statut: Monté<br>globalid: 35a19c1a-9105-4bab-9a7e-749dd5b08d40<br>Secteur: Secteur 1]]></description>
        <styleUrl>#icon-1899-0288D1</styleUrl>
        <ExtendedData>
          <Data name="Numéro inventaire Nantes Métropole">
            <value>AL_NM_20_0004</value>
          </Data>
          <Data name="Nom de la commune">
            <value>Saint-Sébastien-sur-Loire</value>
          </Data>
          <Data name="Nom du quartier">
            <value/>
          </Data>
          <Data name="Nom du pôle">
            <value>Loire, Sèvre et Vignoble</value>
          </Data>
          <Data name="Couleur RAL">
            <value>7035</value>
          </Data>
          <Data name="Géolocalisation">
            <value>47.20889883873892, -1.4890582581895788</value>
          </Data>
          <Data name="Complément d'adresse">
            <value>Angle Rue du Général de Gaulle</value>
          </Data>
          <Data name="Statut">
            <value>Monté</value>
          </Data>
          <Data name="globalid">
            <value>35a19c1a-9105-4bab-9a7e-749dd5b08d40</value>
          </Data>
          <Data name="Secteur">
            <value>Secteur 1</value>
          </Data>
        </ExtendedData>
        <Point>
          <coordinates>
            -1.48905825818958,47.2088988387389,0
          </coordinates>
        </Point>
      </Placemark>
      <Placemark>
        <name>Rue de la Fontaine</name>
        <description><![CDATA[Numéro inventaire Nantes Métropole: AL_NM_20_0002<br>Nom de la commune: Saint-Sébastien-sur-Loire<br>Nom du quartier: <br>Nom du pôle: Loire, Sèvre et Vignoble<br>Couleur RAL: 7035<br>Géolocalisation: 47.201720192991516, -1.4938809496118075<br>Complément d'adresse: Rue des Déportés<br>Statut: Monté<br>globalid: 26b7aa79-abd8-4adb-bbdd-ad7f0d66ab52<br>Secteur: Secteur 1]]></description>
        <styleUrl>#icon-1899-0288D1</styleUrl>
        <ExtendedData>
          <Data name="Numéro inventaire Nantes Métropole">
            <value>AL_NM_20_0002</value>
          </Data>
          <Data name="Nom de la commune">
            <value>Saint-Sébastien-sur-Loire</value>
          </Data>
          <Data name="Nom du quartier">
            <value/>
          </Data>
          <Data name="Nom du pôle">
            <value>Loire, Sèvre et Vignoble</value>
          </Data>
          <Data name="Couleur RAL">
            <value>7035</value>
          </Data>
          <Data name="Géolocalisation">
            <value>47.201720192991516, -1.4938809496118075</value>
          </Data>
          <Data name="Complément d'adresse">
            <value>Rue des Déportés</value>
          </Data>
          <Data name="Statut">
            <value>Monté</value>
          </Data>
          <Data name="globalid">
            <value>26b7aa79-abd8-4adb-bbdd-ad7f0d66ab52</value>
          </Data>
          <Data name="Secteur">
            <value>Secteur 1</value>
          </Data>
        </ExtendedData>
        <Point>
          <coordinates>
            -1.49388094961181,47.2017201929915,0
          </coordinates>
        </Point>
      </Placemark>
      <Placemark>
        <name>Avenue de Montréal</name>
        <description><![CDATA[Numéro inventaire Nantes Métropole: AL_NM_20_0003<br>Nom de la commune: Saint-Sébastien-sur-Loire<br>Nom du quartier: <br>Nom du pôle: Loire, Sèvre et Vignoble<br>Couleur RAL: 7035<br>Géolocalisation: 47.19850189299921, -1.4874661587021882<br>Complément d'adresse: angle Rue Louis Brochu<br>Statut: Monté<br>globalid: 2e0da246-d4bc-45de-8ab0-c0fa1f2a01c7<br>Secteur: Secteur 1]]></description>
        <styleUrl>#icon-1899-0288D1</styleUrl>
        <ExtendedData>
          <Data name="Numéro inventaire Nantes Métropole">
            <value>AL_NM_20_0003</value>
          </Data>
          <Data name="Nom de la commune">
            <value>Saint-Sébastien-sur-Loire</value>
          </Data>
          <Data name="Nom du quartier">
            <value/>
          </Data>
          <Data name="Nom du pôle">
            <value>Loire, Sèvre et Vignoble</value>
          </Data>
          <Data name="Couleur RAL">
            <value>7035</value>
          </Data>
          <Data name="Géolocalisation">
            <value>47.19850189299921, -1.4874661587021882</value>
          </Data>
          <Data name="Complément d'adresse">
            <value>angle Rue Louis Brochu</value>
          </Data>
          <Data name="Statut">
            <value>Monté</value>
          </Data>
          <Data name="globalid">
            <value>2e0da246-d4bc-45de-8ab0-c0fa1f2a01c7</value>
          </Data>
          <Data name="Secteur">
            <value>Secteur 1</value>
          </Data>
        </ExtendedData>
        <Point>
          <coordinates>
            -1.48746615870219,47.1985018929992,0
          </coordinates>
        </Point>
      </Placemark>
      <Placemark>
        <name>Rue de la Bauche Bertin</name>
        <description><![CDATA[Numéro inventaire Nantes Métropole: AL_NM_03_0006<br>Nom de la commune: Bouguenais<br>Nom du quartier: Villages Sud Ouest<br>Nom du pôle: Sud-Ouest<br>Couleur RAL: Gris<br>Géolocalisation: 47.1582528711321, -1.6458400584298172<br>Complément d'adresse: au 2 Village Des Bauches Du Désert<br>Statut: Monté<br>globalid: 7dc51d91-181b-4e4a-a5a2-be8303ce473a<br>Secteur: Secteur 3]]></description>
        <styleUrl>#icon-1899-0288D1</styleUrl>
        <ExtendedData>
          <Data name="Numéro inventaire Nantes Métropole">
            <value>AL_NM_03_0006</value>
          </Data>
          <Data name="Nom de la commune">
            <value>Bouguenais</value>
          </Data>
          <Data name="Nom du quartier">
            <value>Villages Sud Ouest</value>
          </Data>
          <Data name="Nom du pôle">
            <value>Sud-Ouest</value>
          </Data>
          <Data name="Couleur RAL">
            <value>Gris</value>
          </Data>
          <Data name="Géolocalisation">
            <value>47.1582528711321, -1.6458400584298172</value>
          </Data>
          <Data name="Complément d'adresse">
            <value>au 2 Village Des Bauches Du Désert</value>
          </Data>
          <Data name="Statut">
            <value>Monté</value>
          </Data>
          <Data name="globalid">
            <value>7dc51d91-181b-4e4a-a5a2-be8303ce473a</value>
          </Data>
          <Data name="Secteur">
            <value>Secteur 3</value>
          </Data>
        </ExtendedData>
        <Point>
          <coordinates>
            -1.64584005842982,47.1582528711321,0
          </coordinates>
        </Point>
      </Placemark>
      <Placemark>
        <name>Route de la Marionnière</name>
        <description><![CDATA[Numéro inventaire Nantes Métropole: AL_NM_16_0007<br>Nom de la commune: Saint-Aignan de Grand Lieu<br>Nom du quartier: <br>Nom du pôle: Sud-Ouest<br>Couleur RAL: Gris<br>Géolocalisation: 47.13268383699427, -1.6400361364052074<br>Complément d'adresse: Square route de la Noé Nozou<br>Statut: Monté<br>globalid: 6eb7bd51-f821-42cd-80fd-76d0dccfe6b9<br>Secteur: Secteur 3]]></description>
        <styleUrl>#icon-1899-0288D1</styleUrl>
        <ExtendedData>
          <Data name="Numéro inventaire Nantes Métropole">
            <value>AL_NM_16_0007</value>
          </Data>
          <Data name="Nom de la commune">
            <value>Saint-Aignan de Grand Lieu</value>
          </Data>
          <Data name="Nom du quartier">
            <value/>
          </Data>
          <Data name="Nom du pôle">
            <value>Sud-Ouest</value>
          </Data>
          <Data name="Couleur RAL">
            <value>Gris</value>
          </Data>
          <Data name="Géolocalisation">
            <value>47.13268383699427, -1.6400361364052074</value>
          </Data>
          <Data name="Complément d'adresse">
            <value>Square route de la Noé Nozou</value>
          </Data>
          <Data name="Statut">
            <value>Monté</value>
          </Data>
          <Data name="globalid">
            <value>6eb7bd51-f821-42cd-80fd-76d0dccfe6b9</value>
          </Data>
          <Data name="Secteur">
            <value>Secteur 3</value>
          </Data>
        </ExtendedData>
        <Point>
          <coordinates>
            -1.64003613640521,47.1326838369943,0
          </coordinates>
        </Point>
      </Placemark>
      <Placemark>
        <name>Place Pierre Semard</name>
        <description><![CDATA[Numéro inventaire Nantes Métropole: <br>Nom de la commune: <br>Nom du quartier: <br>Nom du pôle: <br>Couleur RAL: <br>Géolocalisation: 47.1898859, -1.5476064<br>Complément d'adresse: <br>Statut: <br>globalid: <br>Secteur: ]]></description>
        <styleUrl>#icon-1899-0288D1</styleUrl>
        <ExtendedData>
          <Data name="Numéro inventaire Nantes Métropole">
            <value/>
          </Data>
          <Data name="Nom de la commune">
            <value/>
          </Data>
          <Data name="Nom du quartier">
            <value/>
          </Data>
          <Data name="Nom du pôle">
            <value/>
          </Data>
          <Data name="Couleur RAL">
            <value/>
          </Data>
          <Data name="Géolocalisation">
            <value>47.1898859, -1.5476064</value>
          </Data>
          <Data name="Complément d'adresse">
            <value/>
          </Data>
          <Data name="Statut">
            <value/>
          </Data>
          <Data name="globalid">
            <value/>
          </Data>
          <Data name="Secteur">
            <value/>
          </Data>
        </ExtendedData>
        <Point>
          <coordinates>
            -1.5476064,47.1898859,0
          </coordinates>
        </Point>
      </Placemark>
    </Folder>
    <Folder>
      <name>Itinéraire de Place Pierre Semard à Rue Guy Le Lan</name>
      <Placemark>
        <name>Itinéraire de Place Pierre Semard à Rue Guy Le Lan</name>
        <styleUrl>#line-1267FF-5000-nodesc</styleUrl>
        <LineString>
          <tessellate>1</tessellate>
          <coordinates>
            -1.54752,47.18989,0
            -1.54747,47.1897,0
            -1.54746,47.18964,0
            -1.54743,47.18947,0
            -1.54738,47.18927,0
            -1.54731,47.18904,0
            -1.54726,47.18887,0
            -1.54714,47.18845,0
            -1.54714,47.18825,0
            -1.54714,47.18815,0
            -1.54714,47.18814,0
            -1.54715,47.18814,0
            -1.54716,47.18814,0
            -1.54716,47.18813,0
            -1.54717,47.18813,0
            -1.54718,47.18812,0
            -1.54719,47.18811,0
            -1.54719,47.1881,0
            -1.5472,47.1881,0
            -1.5472,47.18809,0
            -1.5472,47.18808,0
            -1.54721,47.18807,0
            -1.54721,47.18806,0
            -1.54721,47.18805,0
            -1.5472,47.18805,0
            -1.5472,47.18804,0
            -1.5472,47.18803,0
            -1.54719,47.18802,0
            -1.54719,47.18801,0
            -1.54718,47.18801,0
            -1.54718,47.188,0
            -1.54717,47.188,0
            -1.54716,47.18799,0
            -1.54715,47.18799,0
            -1.54715,47.18798,0
            -1.54714,47.18798,0
            -1.54713,47.18798,0
            -1.54712,47.18797,0
            -1.54711,47.18797,0
            -1.5471,47.18797,0
            -1.54709,47.18797,0
            -1.54708,47.18797,0
            -1.54704,47.18786,0
            -1.54703,47.18783,0
            -1.54697,47.18773,0
            -1.54688,47.18737,0
            -1.54684,47.18721,0
            -1.54681,47.18712,0
            -1.5466,47.18634,0
            -1.54659,47.18628,0
            -1.54658,47.18624,0
            -1.54656,47.18618,0
            -1.54646,47.1858,0
            -1.54623,47.18495,0
            -1.54619,47.18482,0
            -1.54618,47.18475,0
            -1.54597,47.18393,0
            -1.54575,47.18311,0
            -1.5455,47.18229,0
            -1.54547,47.18219,0
            -1.54523,47.18138,0
            -1.54515,47.18112,0
            -1.54503,47.18071,0
            -1.54494,47.18039,0
            -1.54488,47.18018,0
            -1.54486,47.18012,0
            -1.54466,47.1794,0
            -1.54442,47.1786,0
            -1.54437,47.1784,0
            -1.54442,47.1784,0
            -1.54445,47.1784,0
            -1.5445,47.17841,0
            -1.54454,47.17842,0
            -1.54462,47.17847,0
            -1.54471,47.17852,0
            -1.54483,47.17859,0
            -1.54504,47.17872,0
            -1.54515,47.17869,0
            -1.54537,47.17864,0
            -1.54626,47.17846,0
            -1.54537,47.17864,0
            -1.54515,47.17869,0
            -1.54504,47.17872,0
            -1.54483,47.17859,0
            -1.54471,47.17852,0
            -1.54462,47.17847,0
            -1.54454,47.17842,0
            -1.5445,47.17841,0
            -1.54445,47.1784,0
            -1.54442,47.1784,0
            -1.54437,47.1784,0
            -1.54434,47.17828,0
            -1.5441,47.17831,0
            -1.54403,47.17831,0
            -1.54309,47.17836,0
            -1.54289,47.17837,0
            -1.54276,47.1784,0
            -1.54264,47.17843,0
            -1.54263,47.17843,0
            -1.54249,47.17848,0
            -1.54206,47.17872,0
            -1.54175,47.1789,0
            -1.54151,47.17903,0
            -1.54131,47.17914,0
            -1.54086,47.17939,0
            -1.54028,47.17972,0
            -1.54001,47.17987,0
            -1.53996,47.17989,0
            -1.53997,47.17994,0
            -1.54,47.17999,0
            -1.54005,47.18007,0
            -1.54033,47.18042,0
            -1.54044,47.18056,0
            -1.54048,47.1806,0
            -1.54054,47.18064,0
            -1.54064,47.18069,0
            -1.54054,47.18064,0
            -1.54048,47.1806,0
            -1.54044,47.18056,0
            -1.54033,47.18042,0
            -1.54005,47.18007,0
            -1.54,47.17999,0
            -1.53997,47.17994,0
            -1.53996,47.17989,0
            -1.53987,47.17989,0
            -1.53979,47.17989,0
            -1.53973,47.17987,0
            -1.53964,47.17984,0
            -1.53952,47.17979,0
            -1.53946,47.1798,0
            -1.53943,47.17981,0
            -1.53917,47.17989,0
            -1.53846,47.18013,0
            -1.53813,47.18024,0
            -1.53802,47.18028,0
            -1.53796,47.18029,0
            -1.53788,47.1803,0
            -1.53785,47.1803,0
            -1.53779,47.1803,0
            -1.53767,47.18029,0
            -1.53691,47.18022,0
            -1.53659,47.18021,0
            -1.5365,47.18021,0
            -1.53649,47.18021,0
            -1.53643,47.18022,0
            -1.5364,47.18023,0
            -1.53631,47.18025,0
            -1.53644,47.18034,0
            -1.53646,47.18036,0
            -1.53654,47.18043,0
            -1.53675,47.18068,0
            -1.53685,47.18078,0
            -1.53729,47.18123,0
            -1.53787,47.18183,0
            -1.53801,47.18198,0
            -1.5381,47.18208,0
            -1.53816,47.18214,0
            -1.53823,47.1822,0
            -1.53837,47.18232,0
            -1.53863,47.18259,0
            -1.53897,47.18293,0
            -1.53951,47.1835,0
            -1.53845,47.1834,0
            -1.53832,47.18339,0
            -1.53779,47.18336,0
            -1.53755,47.18335,0
            -1.53747,47.18334,0
            -1.53721,47.1833,0
            -1.53712,47.18329,0
            -1.53695,47.18326,0
            -1.5363,47.18311,0
            -1.5362,47.18309,0
            -1.53597,47.18303,0
            -1.5357,47.18297,0
            -1.53545,47.18291,0
            -1.53495,47.18279,0
            -1.53471,47.18273,0
            -1.53453,47.18269,0
            -1.53432,47.18264,0
            -1.53417,47.18261,0
            -1.53413,47.1826,0
            -1.53411,47.18259,0
            -1.53397,47.18256,0
            -1.53384,47.18253,0
            -1.53371,47.1825,0
            -1.53345,47.18245,0
            -1.53317,47.18239,0
            -1.5331,47.18235,0
            -1.53311,47.18235,0
            -1.53312,47.18235,0
            -1.53312,47.18234,0
            -1.53313,47.18234,0
            -1.53313,47.18233,0
            -1.53314,47.18233,0
            -1.53314,47.18232,0
            -1.53315,47.18232,0
            -1.53315,47.18231,0
            -1.53315,47.1823,0
            -1.53315,47.18229,0
            -1.53315,47.18228,0
            -1.53314,47.18228,0
            -1.53314,47.18227,0
            -1.53313,47.18226,0
            -1.53312,47.18226,0
            -1.53312,47.18225,0
            -1.53311,47.18225,0
            -1.5331,47.18225,0
            -1.5331,47.18224,0
            -1.53309,47.18224,0
            -1.53308,47.18224,0
            -1.53307,47.18224,0
            -1.53306,47.18224,0
            -1.53305,47.18224,0
            -1.53304,47.18224,0
            -1.53303,47.18224,0
            -1.53302,47.18225,0
            -1.53301,47.18225,0
            -1.533,47.18226,0
            -1.53299,47.18226,0
            -1.53299,47.18227,0
            -1.53298,47.18227,0
            -1.53298,47.18228,0
            -1.53298,47.18229,0
            -1.53298,47.1823,0
            -1.53298,47.18231,0
            -1.53277,47.1823,0
            -1.5327,47.18229,0
            -1.53264,47.18228,0
            -1.53265,47.18227,0
            -1.53265,47.18226,0
            -1.53264,47.18226,0
            -1.53264,47.18225,0
            -1.53264,47.18224,0
            -1.53263,47.18224,0
            -1.53263,47.18223,0
            -1.53262,47.18223,0
            -1.53262,47.18222,0
            -1.53261,47.18222,0
            -1.5326,47.18222,0
            -1.5326,47.18221,0
            -1.53259,47.18221,0
            -1.53258,47.18221,0
            -1.53257,47.18221,0
            -1.53257,47.1822,0
            -1.53256,47.1822,0
            -1.53255,47.1822,0
            -1.53254,47.1822,0
            -1.53253,47.1822,0
            -1.53253,47.18221,0
            -1.53252,47.18221,0
            -1.53251,47.18221,0
            -1.5325,47.18221,0
            -1.5325,47.18222,0
            -1.53249,47.18222,0
            -1.53248,47.18222,0
            -1.53248,47.18223,0
            -1.53247,47.18223,0
            -1.53247,47.18224,0
            -1.53246,47.18224,0
            -1.53246,47.18225,0
            -1.53246,47.18226,0
            -1.53246,47.18227,0
            -1.53246,47.18228,0
            -1.53236,47.18231,0
            -1.53215,47.18236,0
            -1.53199,47.18242,0
            -1.53176,47.18253,0
            -1.53169,47.18257,0
            -1.53156,47.18266,0
            -1.53169,47.18257,0
            -1.53176,47.18253,0
            -1.53199,47.18242,0
            -1.53215,47.18236,0
            -1.53236,47.18231,0
            -1.53246,47.18228,0
            -1.53246,47.18229,0
            -1.53246,47.1823,0
            -1.53247,47.1823,0
            -1.53247,47.18231,0
            -1.53248,47.18231,0
            -1.53249,47.18232,0
            -1.5325,47.18232,0
            -1.53251,47.18232,0
            -1.53251,47.18233,0
            -1.53252,47.18233,0
            -1.53253,47.18233,0
            -1.53254,47.18233,0
            -1.53255,47.18233,0
            -1.53256,47.18233,0
            -1.53257,47.18233,0
            -1.53258,47.18233,0
            -1.53259,47.18233,0
            -1.5326,47.18232,0
            -1.53261,47.18232,0
            -1.53262,47.18232,0
            -1.53262,47.18231,0
            -1.53263,47.18231,0
            -1.53263,47.1823,0
            -1.53264,47.1823,0
            -1.53264,47.18229,0
            -1.53264,47.18228,0
            -1.5327,47.18229,0
            -1.53277,47.1823,0
            -1.53276,47.18233,0
            -1.53281,47.18242,0
            -1.53286,47.18246,0
            -1.53293,47.18252,0
            -1.53293,47.18253,0
            -1.53308,47.18264,0
            -1.53318,47.1827,0
            -1.53331,47.18279,0
            -1.53336,47.18283,0
            -1.53365,47.18301,0
            -1.5337,47.18305,0
            -1.53376,47.18309,0
            -1.53396,47.18323,0
            -1.53412,47.18333,0
            -1.53414,47.18335,0
            -1.53424,47.18341,0
            -1.5343,47.18346,0
            -1.53448,47.18359,0
            -1.53459,47.18367,0
            -1.53466,47.18372,0
            -1.53473,47.18378,0
            -1.53484,47.18385,0
            -1.53503,47.18398,0
            -1.53527,47.18417,0
            -1.53533,47.18422,0
            -1.53538,47.18428,0
            -1.53547,47.18442,0
            -1.53549,47.18451,0
            -1.53555,47.18463,0
            -1.53561,47.18474,0
            -1.53565,47.18479,0
            -1.53568,47.18483,0
            -1.53569,47.18484,0
            -1.5358,47.18494,0
            -1.53606,47.18517,0
            -1.53618,47.18527,0
            -1.53624,47.18532,0
            -1.53629,47.18535,0
            -1.53649,47.18552,0
            -1.53652,47.18554,0
            -1.53718,47.18609,0
            -1.53733,47.1862,0
            -1.5377,47.18644,0
            -1.53799,47.18662,0
            -1.53853,47.18696,0
            -1.5387,47.18707,0
            -1.5389,47.18718,0
            -1.53896,47.18722,0
            -1.5391,47.1873,0
            -1.53927,47.1874,0
            -1.53966,47.18763,0
            -1.53994,47.1878,0
            -1.54005,47.1877,0
            -1.54021,47.18756,0
            -1.54022,47.18756,0
            -1.54049,47.18736,0
            -1.54076,47.18716,0
            -1.54113,47.1869,0
            -1.54187,47.18636,0
            -1.54206,47.18623,0
            -1.54192,47.18609,0
            -1.54206,47.18623,0
            -1.54225,47.18642,0
            -1.54231,47.18646,0
            -1.54261,47.18668,0
            -1.54285,47.18685,0
            -1.54291,47.18677,0
            -1.54301,47.18664,0
            -1.54318,47.18639,0
            -1.54366,47.18662,0
            -1.54467,47.18708,0
            -1.54475,47.18712,0
            -1.54487,47.18717,0
            -1.54493,47.18719,0
            -1.54499,47.1872,0
            -1.54499,47.18718,0
            -1.54499,47.18667,0
          </coordinates>
        </LineString>
      </Placemark>
      <Placemark>
        <name>Place Pierre Semard</name>
        <styleUrl>#icon-1899-DB4436-nodesc</styleUrl>
        <Point>
          <coordinates>
            -1.5475151,47.1898948,0
          </coordinates>
        </Point>
      </Placemark>
      <Placemark>
        <name>Rue Jean Jaurès</name>
        <styleUrl>#icon-1899-DB4436-nodesc</styleUrl>
        <Point>
          <coordinates>
            -1.5464613,47.1858024,0
          </coordinates>
        </Point>
      </Placemark>
      <Placemark>
        <name>Rue des Déportés</name>
        <styleUrl>#icon-1899-DB4436-nodesc</styleUrl>
        <Point>
          <coordinates>
            -1.5462601,47.1784582,0
          </coordinates>
        </Point>
      </Placemark>
      <Placemark>
        <name>Rue de la Basse Lande</name>
        <styleUrl>#icon-1899-DB4436-nodesc</styleUrl>
        <Point>
          <coordinates>
            -1.5406397,47.1806879,0
          </coordinates>
        </Point>
      </Placemark>
      <Placemark>
        <name>Rue Maurice Lagathu</name>
        <styleUrl>#icon-1899-DB4436-nodesc</styleUrl>
        <Point>
          <coordinates>
            -1.5364617,47.180361,0
          </coordinates>
        </Point>
      </Placemark>
      <Placemark>
        <name>Rue Maurice Lagathu</name>
        <styleUrl>#icon-1899-DB4436-nodesc</styleUrl>
        <Point>
          <coordinates>
            -1.5381617,47.1821386,0
          </coordinates>
        </Point>
      </Placemark>
      <Placemark>
        <name>Quai Léon Sécher</name>
        <styleUrl>#icon-1899-DB4436-nodesc</styleUrl>
        <Point>
          <coordinates>
            -1.5315592,47.1826624,0
          </coordinates>
        </Point>
      </Placemark>
      <Placemark>
        <name>Rue Jean Baptiste Vigier</name>
        <styleUrl>#icon-1899-DB4436-nodesc</styleUrl>
        <Point>
          <coordinates>
            -1.536245,47.1853153,0
          </coordinates>
        </Point>
      </Placemark>
      <Placemark>
        <name>Rue Jean Fraix</name>
        <styleUrl>#icon-1899-DB4436-nodesc</styleUrl>
        <Point>
          <coordinates>
            -1.5419224,47.1860929,0
          </coordinates>
        </Point>
      </Placemark>
      <Placemark>
        <name>Rue Guy Le Lan</name>
        <styleUrl>#icon-1899-DB4436-nodesc</styleUrl>
        <Point>
          <coordinates>
            -1.544989,47.1866722,0
          </coordinates>
        </Point>
      </Placemark>
    </Folder>
    <Folder>
      <name>Itinéraire de Place François Mitterrand à Rue Georges Guynemer</name>
      <Placemark>
        <name>Itinéraire de Place François Mitterrand à Rue Georges Guynemer</name>
        <styleUrl>#line-1267FF-5000-nodesc</styleUrl>
        <LineString>
          <tessellate>1</tessellate>
          <coordinates>
            -1.5595,47.18453,0
            -1.55894,47.18462,0
            -1.55888,47.18461,0
            -1.55845,47.18464,0
            -1.55595,47.18505,0
            -1.55594,47.18504,0
            -1.55591,47.18504,0
            -1.5559,47.18503,0
            -1.5558,47.18503,0
            -1.55579,47.18504,0
            -1.55576,47.18504,0
            -1.55576,47.18505,0
            -1.55574,47.18505,0
            -1.55574,47.18506,0
            -1.55573,47.18506,0
            -1.55572,47.18507,0
            -1.55572,47.18508,0
            -1.55571,47.18508,0
            -1.55571,47.18509,0
            -1.5557,47.1851,0
            -1.5557,47.18514,0
            -1.55571,47.18514,0
            -1.55571,47.18517,0
            -1.55572,47.18517,0
            -1.55572,47.18519,0
            -1.55573,47.18519,0
            -1.55574,47.1852,0
            -1.55575,47.1852,0
            -1.55575,47.18521,0
            -1.55577,47.18521,0
            -1.55577,47.18522,0
            -1.5558,47.18522,0
            -1.55581,47.18523,0
            -1.55588,47.18523,0
            -1.55589,47.18522,0
            -1.55607,47.18577,0
            -1.5561,47.186,0
            -1.55599,47.18602,0
            -1.5561,47.186,0
            -1.55611,47.1861,0
            -1.55609,47.18616,0
            -1.55606,47.18616,0
            -1.55602,47.18617,0
            -1.55599,47.18617,0
            -1.55594,47.18621,0
            -1.55593,47.18623,0
            -1.55459,47.18598,0
            -1.55391,47.18579,0
            -1.55359,47.1856,0
            -1.5536,47.18559,0
            -1.55361,47.18559,0
            -1.55364,47.18556,0
            -1.55364,47.18555,0
            -1.55365,47.18554,0
            -1.55365,47.18553,0
            -1.55366,47.18552,0
            -1.55366,47.18548,0
            -1.55365,47.18546,0
            -1.55365,47.18545,0
            -1.55362,47.18542,0
            -1.55361,47.18542,0
            -1.55361,47.18541,0
            -1.5536,47.18541,0
            -1.55359,47.1854,0
            -1.5535,47.18538,0
            -1.55344,47.18538,0
            -1.55342,47.18539,0
            -1.55341,47.18539,0
            -1.55339,47.1854,0
            -1.55338,47.1854,0
            -1.55335,47.18542,0
            -1.55334,47.18542,0
            -1.55331,47.18545,0
            -1.55331,47.18546,0
            -1.55329,47.18548,0
            -1.55329,47.18549,0
            -1.55328,47.1855,0
            -1.55328,47.18555,0
            -1.55318,47.18561,0
            -1.55315,47.18564,0
            -1.55135,47.18826,0
            -1.55135,47.18828,0
            -1.5513,47.18833,0
            -1.55119,47.18857,0
            -1.55114,47.18857,0
            -1.55113,47.18858,0
            -1.55111,47.18858,0
            -1.5511,47.18859,0
            -1.55109,47.18859,0
            -1.55108,47.1886,0
            -1.55107,47.1886,0
            -1.55103,47.18864,0
            -1.55103,47.18865,0
            -1.55102,47.18866,0
            -1.55102,47.18873,0
            -1.55103,47.18874,0
            -1.55103,47.18875,0
            -1.55104,47.18875,0
            -1.55104,47.18876,0
            -1.55105,47.18877,0
            -1.55106,47.18877,0
            -1.55106,47.18878,0
            -1.55107,47.18878,0
            -1.55108,47.18879,0
            -1.55109,47.18879,0
            -1.55109,47.1888,0
            -1.5511,47.1888,0
            -1.55112,47.18881,0
            -1.55115,47.18881,0
            -1.55116,47.18882,0
            -1.55125,47.18882,0
            -1.55126,47.18881,0
            -1.55128,47.18881,0
            -1.55129,47.1888,0
            -1.55131,47.1888,0
            -1.55177,47.18913,0
            -1.55178,47.18913,0
            -1.55182,47.18915,0
            -1.55199,47.1892,0
            -1.55199,47.18924,0
            -1.55201,47.18928,0
            -1.55202,47.18928,0
            -1.55205,47.1893,0
            -1.55202,47.18952,0
            -1.55203,47.18956,0
            -1.55204,47.18979,0
            -1.55211,47.19009,0
            -1.55213,47.19014,0
            -1.55223,47.19028,0
            -1.55245,47.19049,0
            -1.55263,47.19062,0
            -1.55335,47.19096,0
            -1.55355,47.19108,0
            -1.55372,47.19123,0
            -1.55394,47.1915,0
            -1.55393,47.1915,0
            -1.55392,47.19151,0
            -1.55388,47.19151,0
            -1.55388,47.19152,0
            -1.55386,47.19152,0
            -1.55386,47.19153,0
            -1.55384,47.19153,0
            -1.55384,47.19154,0
            -1.55383,47.19154,0
            -1.55383,47.19155,0
            -1.55382,47.19156,0
            -1.55382,47.19157,0
            -1.55381,47.19157,0
            -1.55381,47.19163,0
            -1.55382,47.19164,0
            -1.55382,47.19165,0
            -1.55383,47.19165,0
            -1.55383,47.19166,0
            -1.55384,47.19166,0
            -1.55384,47.19167,0
            -1.55385,47.19167,0
            -1.55386,47.19168,0
            -1.55387,47.19168,0
            -1.55388,47.19169,0
            -1.55391,47.19169,0
            -1.55391,47.1917,0
            -1.55399,47.1917,0
            -1.554,47.19169,0
            -1.55402,47.19169,0
            -1.55402,47.19168,0
            -1.55404,47.19168,0
            -1.55405,47.19167,0
            -1.55406,47.19167,0
            -1.55406,47.19166,0
            -1.55407,47.19166,0
            -1.55407,47.19165,0
            -1.55408,47.19165,0
            -1.55408,47.19164,0
            -1.55409,47.19163,0
            -1.55421,47.19161,0
            -1.55491,47.1914,0
            -1.5556,47.19125,0
            -1.55725,47.19105,0
            -1.55745,47.191,0
            -1.55798,47.19093,0
            -1.56178,47.19118,0
            -1.56314,47.19098,0
            -1.56305,47.19065,0
            -1.56299,47.19055,0
            -1.56312,47.19053,0
            -1.56316,47.19067,0
            -1.5632,47.19072,0
            -1.56324,47.19089,0
            -1.5632,47.19072,0
            -1.56316,47.19067,0
            -1.56312,47.19053,0
            -1.56299,47.19055,0
            -1.56305,47.19065,0
            -1.56314,47.19098,0
            -1.56511,47.19069,0
            -1.56532,47.19062,0
            -1.56542,47.19057,0
            -1.56553,47.19048,0
            -1.56516,47.1904,0
            -1.56483,47.19024,0
            -1.5645,47.19004,0
            -1.56375,47.18932,0
            -1.56354,47.18916,0
            -1.56327,47.18907,0
            -1.56229,47.1889,0
            -1.56224,47.18886,0
            -1.56212,47.18882,0
            -1.56149,47.18868,0
            -1.56149,47.18867,0
            -1.56148,47.18867,0
            -1.56148,47.18866,0
            -1.56146,47.18866,0
            -1.56145,47.18865,0
            -1.56139,47.18865,0
            -1.56132,47.18861,0
            -1.56121,47.18859,0
            -1.56,47.18824,0
            -1.55986,47.18817,0
            -1.55977,47.18809,0
            -1.55973,47.188,0
            -1.55958,47.18657,0
            -1.5596,47.18657,0
            -1.5596,47.18656,0
            -1.55963,47.18656,0
            -1.55963,47.18655,0
            -1.55965,47.18655,0
            -1.55965,47.18654,0
            -1.55966,47.18654,0
            -1.55966,47.18653,0
            -1.55967,47.18653,0
            -1.55967,47.18652,0
            -1.55968,47.18651,0
            -1.55968,47.18647,0
            -1.56003,47.18644,0
            -1.56101,47.18625,0
            -1.56121,47.1862,0
            -1.5627,47.18576,0
            -1.56257,47.1856,0
            -1.5623,47.1849,0
            -1.56221,47.18458,0
            -1.56319,47.1844,0
            -1.56321,47.18441,0
            -1.56322,47.18441,0
            -1.56323,47.18442,0
            -1.56325,47.18442,0
            -1.56326,47.18443,0
            -1.5634,47.18443,0
            -1.5634,47.18442,0
            -1.56342,47.18442,0
            -1.56343,47.18441,0
            -1.56344,47.18441,0
            -1.56345,47.1844,0
            -1.56346,47.1844,0
            -1.56346,47.18439,0
            -1.56347,47.18439,0
            -1.56347,47.18438,0
            -1.56348,47.18438,0
            -1.56348,47.18437,0
            -1.56349,47.18436,0
            -1.56349,47.18434,0
            -1.5635,47.18434,0
            -1.5635,47.18429,0
            -1.56349,47.18428,0
            -1.56349,47.18426,0
            -1.56348,47.18426,0
            -1.56348,47.18425,0
            -1.56347,47.18424,0
            -1.56347,47.18423,0
            -1.56346,47.18423,0
            -1.56345,47.18422,0
            -1.56345,47.18421,0
            -1.56344,47.18421,0
            -1.56343,47.1842,0
            -1.56342,47.1842,0
            -1.56342,47.18419,0
            -1.5634,47.18419,0
            -1.56339,47.18418,0
            -1.56335,47.18418,0
            -1.56335,47.18417,0
            -1.56333,47.18417,0
            -1.56327,47.18408,0
            -1.56318,47.18399,0
            -1.56316,47.18395,0
            -1.56291,47.18361,0
            -1.56291,47.1836,0
            -1.56279,47.18338,0
            -1.56279,47.18337,0
            -1.5628,47.18337,0
            -1.5628,47.18332,0
            -1.56279,47.18332,0
            -1.56279,47.1833,0
            -1.56278,47.1833,0
            -1.56278,47.18329,0
            -1.56277,47.18329,0
            -1.56277,47.18328,0
            -1.56275,47.18328,0
            -1.56275,47.18327,0
            -1.56272,47.18327,0
            -1.56272,47.18326,0
            -1.56266,47.18326,0
            -1.56247,47.18311,0
            -1.56076,47.18122,0
            -1.56053,47.18101,0
            -1.56016,47.18075,0
            -1.56,47.18084,0
            -1.55991,47.18085,0
            -1.56,47.18084,0
            -1.56016,47.18075,0
            -1.55892,47.17994,0
            -1.55889,47.17986,0
            -1.55868,47.17971,0
            -1.55868,47.1797,0
            -1.55869,47.1797,0
            -1.55869,47.17968,0
            -1.5587,47.17967,0
            -1.5587,47.17965,0
            -1.55869,47.17964,0
            -1.55869,47.17962,0
            -1.55868,47.17962,0
            -1.55868,47.17961,0
            -1.5588,47.17951,0
            -1.55886,47.17943,0
            -1.55912,47.17922,0
            -1.55923,47.17916,0
            -1.55929,47.17914,0
            -1.55934,47.1791,0
            -1.55935,47.1791,0
            -1.55944,47.17904,0
            -1.55952,47.17896,0
            -1.55956,47.17896,0
            -1.55957,47.17895,0
            -1.55959,47.17895,0
            -1.55959,47.17894,0
            -1.5596,47.17894,0
            -1.5596,47.17893,0
            -1.55961,47.17893,0
            -1.55961,47.17892,0
            -1.55962,47.17892,0
            -1.55962,47.17889,0
            -1.55961,47.17886,0
            -1.5596,47.17886,0
            -1.55959,47.17885,0
            -1.55958,47.17885,0
            -1.55958,47.17884,0
            -1.55955,47.17884,0
            -1.55955,47.17883,0
            -1.55951,47.17883,0
            -1.55938,47.17868,0
            -1.55895,47.17774,0
            -1.55936,47.17864,0
            -1.55937,47.17873,0
            -1.55944,47.17887,0
            -1.55944,47.17888,0
            -1.55943,47.17888,0
            -1.55943,47.17892,0
            -1.55944,47.17892,0
            -1.55944,47.17893,0
            -1.55945,47.17893,0
            -1.55945,47.17894,0
            -1.55946,47.17894,0
            -1.55946,47.17895,0
            -1.55948,47.17895,0
            -1.55948,47.17896,0
            -1.55956,47.17896,0
            -1.55957,47.17895,0
            -1.55959,47.17895,0
            -1.55959,47.17894,0
            -1.5596,47.17894,0
            -1.5596,47.17893,0
            -1.55961,47.17893,0
            -1.55961,47.17892,0
            -1.55962,47.17892,0
            -1.55962,47.17889,0
            -1.55972,47.17883,0
            -1.5598,47.17876,0
            -1.55982,47.17871,0
            -1.56105,47.1778,0
            -1.56189,47.17733,0
            -1.56213,47.17722,0
            -1.56233,47.17717,0
            -1.56234,47.17718,0
            -1.56235,47.17718,0
            -1.56235,47.17719,0
            -1.56237,47.17719,0
            -1.56238,47.1772,0
            -1.56248,47.1772,0
            -1.56249,47.17719,0
            -1.5625,47.17719,0
            -1.5625,47.17718,0
            -1.56252,47.17718,0
            -1.56252,47.17717,0
            -1.56253,47.17717,0
            -1.56253,47.17716,0
            -1.56254,47.17716,0
            -1.56254,47.17715,0
            -1.56255,47.17715,0
            -1.56255,47.17713,0
            -1.56256,47.17713,0
            -1.56256,47.17708,0
            -1.56265,47.17703,0
            -1.56276,47.17694,0
            -1.56345,47.17665,0
            -1.56346,47.17664,0
            -1.56389,47.17644,0
            -1.56392,47.17644,0
            -1.56416,47.17633,0
            -1.56422,47.17633,0
            -1.56422,47.17632,0
            -1.56424,47.17632,0
            -1.56425,47.17631,0
            -1.56426,47.17631,0
            -1.56426,47.1763,0
            -1.56427,47.1763,0
            -1.56427,47.17629,0
            -1.56428,47.17629,0
            -1.56428,47.17627,0
            -1.5657,47.1757,0
            -1.56585,47.17566,0
            -1.56688,47.17558,0
            -1.56807,47.17555,0
            -1.56807,47.17556,0
            -1.56808,47.17556,0
            -1.56808,47.17557,0
            -1.56809,47.17557,0
            -1.56809,47.17558,0
            -1.5681,47.17558,0
            -1.56811,47.17559,0
            -1.56812,47.17559,0
            -1.56813,47.1756,0
            -1.56814,47.1756,0
            -1.56815,47.17571,0
            -1.56807,47.17595,0
            -1.56802,47.17622,0
            -1.56806,47.17628,0
            -1.56806,47.17634,0
            -1.5682,47.1764,0
            -1.56828,47.17646,0
            -1.5695,47.17776,0
            -1.56955,47.17784,0
            -1.57024,47.17868,0
            -1.57025,47.1787,0
            -1.57041,47.17889,0
            -1.57093,47.17968,0
            -1.57117,47.18012,0
            -1.57117,47.18013,0
            -1.57133,47.18044,0
            -1.5715,47.18092,0
            -1.57162,47.18119,0
            -1.57169,47.18142,0
            -1.5717,47.18143,0
            -1.57197,47.18222,0
            -1.5721,47.18275,0
            -1.56791,47.18348,0
            -1.5679,47.18347,0
            -1.56788,47.18347,0
            -1.56788,47.18346,0
            -1.56778,47.18346,0
            -1.56777,47.18347,0
            -1.56775,47.18347,0
            -1.56775,47.18348,0
            -1.56773,47.18348,0
            -1.56773,47.18349,0
            -1.56772,47.18349,0
            -1.5677,47.18351,0
            -1.5677,47.18352,0
            -1.56769,47.18353,0
            -1.56769,47.18358,0
            -1.5677,47.18358,0
            -1.5677,47.18359,0
            -1.56773,47.18362,0
            -1.56774,47.18362,0
            -1.56774,47.18363,0
            -1.56776,47.18363,0
            -1.56776,47.18364,0
            -1.5678,47.18364,0
            -1.5678,47.18365,0
            -1.56785,47.18365,0
            -1.56786,47.18364,0
            -1.56788,47.18364,0
            -1.56791,47.18369,0
            -1.56946,47.18532,0
            -1.56948,47.18533,0
            -1.56953,47.18539,0
            -1.56973,47.18553,0
            -1.56984,47.18557,0
            -1.56984,47.18558,0
            -1.57019,47.18573,0
            -1.5702,47.18573,0
            -1.57025,47.18577,0
            -1.57039,47.18585,0
            -1.57051,47.18598,0
            -1.57065,47.18617,0
            -1.57078,47.18629,0
            -1.57106,47.18645,0
            -1.57141,47.18658,0
            -1.57151,47.18665,0
            -1.57218,47.18733,0
            -1.57239,47.18764,0
            -1.57246,47.18781,0
            -1.57255,47.18816,0
            -1.57265,47.1884,0
            -1.57259,47.18843,0
            -1.57257,47.18846,0
            -1.57256,47.18849,0
            -1.57257,47.18851,0
            -1.57262,47.18855,0
            -1.57275,47.18856,0
            -1.5728,47.18854,0
            -1.57283,47.18851,0
            -1.57283,47.18844,0
            -1.57366,47.18816,0
            -1.57384,47.18808,0
            -1.57395,47.18801,0
            -1.57402,47.18794,0
            -1.57419,47.18767,0
            -1.57419,47.18766,0
            -1.57424,47.18756,0
            -1.57425,47.18752,0
            -1.57428,47.18748,0
            -1.57461,47.18682,0
            -1.57472,47.18669,0
            -1.57493,47.18651,0
            -1.57529,47.18635,0
            -1.57557,47.18627,0
            -1.57592,47.18621,0
            -1.57828,47.18636,0
            -1.57871,47.18635,0
            -1.58074,47.18602,0
            -1.58078,47.18606,0
            -1.58085,47.18606,0
            -1.58088,47.18604,0
            -1.58088,47.18602,0
            -1.58089,47.186,0
            -1.58087,47.18599,0
            -1.58085,47.18597,0
            -1.5808,47.18597,0
            -1.58004,47.18379,0
            -1.57995,47.18337,0
            -1.57983,47.18237,0
            -1.57986,47.18222,0
            -1.57988,47.18222,0
            -1.57991,47.1822,0
            -1.57993,47.18215,0
            -1.57993,47.18213,0
            -1.57992,47.1821,0
            -1.5799,47.18208,0
            -1.57982,47.18206,0
            -1.57972,47.18209,0
            -1.57969,47.18214,0
            -1.57969,47.18216,0
            -1.57972,47.1822,0
            -1.57978,47.18222,0
            -1.57981,47.18231,0
          </coordinates>
        </LineString>
      </Placemark>
      <Placemark>
        <name>Place François Mitterrand</name>
        <styleUrl>#icon-1899-DB4436-nodesc</styleUrl>
        <Point>
          <coordinates>
            -1.5594962,47.1845289,0
          </coordinates>
        </Point>
      </Placemark>
      <Placemark>
        <name>Allée de Touraine</name>
        <styleUrl>#icon-1899-DB4436-nodesc</styleUrl>
        <Point>
          <coordinates>
            -1.5559893,47.1860155,0
          </coordinates>
        </Point>
      </Placemark>
      <Placemark>
        <name>Place du 8 Mai 1945</name>
        <styleUrl>#icon-1899-DB4436-nodesc</styleUrl>
        <Point>
          <coordinates>
            -1.5520316,47.1894121,0
          </coordinates>
        </Point>
      </Placemark>
      <Placemark>
        <name>Rue Henri Barbusse</name>
        <styleUrl>#icon-1899-DB4436-nodesc</styleUrl>
        <Point>
          <coordinates>
            -1.5632412,47.190887,0
          </coordinates>
        </Point>
      </Placemark>
      <Placemark>
        <name>Rue du Château de Rezé</name>
        <styleUrl>#icon-1899-DB4436-nodesc</styleUrl>
        <Point>
          <coordinates>
            -1.5631353,47.1844084,0
          </coordinates>
        </Point>
      </Placemark>
      <Placemark>
        <name>Rue du Château de Rezé</name>
        <styleUrl>#icon-1899-DB4436-nodesc</styleUrl>
        <Point>
          <coordinates>
            -1.559914,47.1808532,0
          </coordinates>
        </Point>
      </Placemark>
      <Placemark>
        <name>Rue de la Galarnière</name>
        <styleUrl>#icon-1899-DB4436-nodesc</styleUrl>
        <Point>
          <coordinates>
            -1.5589546,47.1777396,0
          </coordinates>
        </Point>
      </Placemark>
      <Placemark>
        <name>Avenue Léon Blum</name>
        <styleUrl>#icon-1899-DB4436-nodesc</styleUrl>
        <Point>
          <coordinates>
            -1.5698917,47.1831408,0
          </coordinates>
        </Point>
      </Placemark>
      <Placemark>
        <name>Rue Pasteur</name>
        <styleUrl>#icon-1899-DB4436-nodesc</styleUrl>
        <Point>
          <coordinates>
            -1.5807503,47.1858337,0
          </coordinates>
        </Point>
      </Placemark>
      <Placemark>
        <name>Rue Georges Guynemer</name>
        <styleUrl>#icon-1899-DB4436-nodesc</styleUrl>
        <Point>
          <coordinates>
            -1.579809,47.1823057,0
          </coordinates>
        </Point>
      </Placemark>
    </Folder>
    <Folder>
      <name>Itinéraire de Rue Gabriel Goudy à Rue Georges Clémenceau</name>
      <Placemark>
        <name>Itinéraire de Rue Gabriel Goudy à Rue Georges Clémenceau</name>
        <styleUrl>#line-1267FF-5000-nodesc</styleUrl>
        <LineString>
          <tessellate>1</tessellate>
          <coordinates>
            -1.54008,47.19488,0
            -1.5401,47.1949,0
            -1.54015,47.19494,0
            -1.54027,47.19504,0
            -1.54082,47.19552,0
            -1.541,47.19567,0
            -1.54102,47.1957,0
            -1.54108,47.19574,0
            -1.54111,47.19577,0
            -1.54121,47.19585,0
            -1.54143,47.19601,0
            -1.54155,47.1961,0
            -1.54156,47.1961,0
            -1.54158,47.19613,0
            -1.54159,47.19617,0
            -1.5416,47.19622,0
            -1.54162,47.19626,0
            -1.54154,47.19636,0
            -1.54151,47.19639,0
            -1.54147,47.19643,0
            -1.54138,47.19655,0
            -1.54132,47.1966,0
            -1.5413,47.19662,0
            -1.54127,47.19664,0
            -1.54124,47.19666,0
            -1.54118,47.19669,0
            -1.54114,47.19671,0
            -1.54109,47.19674,0
            -1.54089,47.19683,0
            -1.54086,47.19684,0
            -1.54069,47.19688,0
            -1.54062,47.1969,0
            -1.54054,47.19693,0
            -1.54042,47.19696,0
            -1.54041,47.19696,0
            -1.5404,47.19696,0
            -1.54039,47.19695,0
            -1.54038,47.19695,0
            -1.54037,47.19695,0
            -1.54036,47.19695,0
            -1.54035,47.19695,0
            -1.54034,47.19695,0
            -1.54033,47.19695,0
            -1.54032,47.19695,0
            -1.54031,47.19695,0
            -1.5403,47.19695,0
            -1.54029,47.19695,0
            -1.54028,47.19695,0
            -1.54027,47.19695,0
            -1.54026,47.19696,0
            -1.54025,47.19696,0
            -1.54024,47.19696,0
            -1.54023,47.19697,0
            -1.54012,47.19694,0
            -1.54006,47.19693,0
            -1.54001,47.19692,0
            -1.53994,47.19692,0
            -1.53983,47.19687,0
            -1.53892,47.1965,0
            -1.53889,47.19649,0
            -1.53892,47.1965,0
            -1.53983,47.19687,0
            -1.53994,47.19692,0
            -1.53998,47.19696,0
            -1.54001,47.19697,0
            -1.54006,47.19701,0
            -1.54017,47.19706,0
            -1.54017,47.19707,0
            -1.54017,47.19708,0
            -1.54017,47.19709,0
            -1.54018,47.19709,0
            -1.54018,47.1971,0
            -1.54019,47.19711,0
            -1.54019,47.19712,0
            -1.5402,47.19712,0
            -1.54021,47.19713,0
            -1.54022,47.19714,0
            -1.54023,47.19714,0
            -1.54024,47.19714,0
            -1.54025,47.19715,0
            -1.54026,47.19715,0
            -1.54027,47.19715,0
            -1.54027,47.19716,0
            -1.54029,47.19716,0
            -1.5403,47.19716,0
            -1.54031,47.19716,0
            -1.54034,47.19716,0
            -1.54036,47.19715,0
            -1.54045,47.1972,0
            -1.54063,47.1973,0
            -1.5407,47.19732,0
            -1.54075,47.19734,0
            -1.54081,47.19737,0
            -1.54094,47.19745,0
            -1.541,47.19749,0
            -1.54106,47.19755,0
            -1.54109,47.19759,0
            -1.5411,47.19764,0
            -1.54112,47.19769,0
            -1.54118,47.19779,0
            -1.54122,47.19789,0
            -1.54123,47.19797,0
            -1.54121,47.19798,0
            -1.5412,47.19799,0
            -1.54119,47.198,0
            -1.54119,47.19801,0
            -1.54118,47.19802,0
            -1.54117,47.19803,0
            -1.54117,47.19804,0
            -1.54116,47.19805,0
            -1.54116,47.19806,0
            -1.54116,47.19807,0
            -1.54116,47.19808,0
            -1.54116,47.19809,0
            -1.54116,47.1981,0
            -1.54116,47.19811,0
            -1.54116,47.19812,0
            -1.54118,47.19814,0
            -1.54119,47.19816,0
            -1.54121,47.19818,0
            -1.54124,47.1982,0
            -1.54127,47.19821,0
            -1.54128,47.19822,0
            -1.5413,47.19823,0
            -1.54133,47.19823,0
            -1.54136,47.19824,0
            -1.5414,47.19824,0
            -1.54143,47.19824,0
            -1.54147,47.19823,0
            -1.5415,47.19823,0
            -1.54153,47.19821,0
            -1.54156,47.1982,0
            -1.54158,47.19818,0
            -1.54161,47.19816,0
            -1.54162,47.19815,0
            -1.54163,47.19814,0
            -1.54163,47.19813,0
            -1.54164,47.19812,0
            -1.54164,47.19811,0
            -1.54164,47.1981,0
            -1.54164,47.19809,0
            -1.54164,47.19807,0
            -1.54188,47.19799,0
            -1.54212,47.19791,0
            -1.54213,47.1979,0
            -1.54217,47.19789,0
            -1.54222,47.19788,0
            -1.54239,47.19781,0
            -1.54243,47.1978,0
            -1.54246,47.19778,0
            -1.54249,47.19776,0
            -1.54252,47.19774,0
            -1.54281,47.19754,0
            -1.54287,47.19747,0
            -1.54303,47.19725,0
            -1.54327,47.19693,0
            -1.5435,47.19663,0
            -1.54363,47.19648,0
            -1.54379,47.1963,0
            -1.54393,47.19615,0
            -1.544,47.19607,0
            -1.5442,47.19586,0
            -1.54435,47.1957,0
            -1.54448,47.19558,0
            -1.54466,47.19542,0
            -1.54467,47.19541,0
            -1.54483,47.19527,0
            -1.54485,47.19525,0
            -1.5449,47.1952,0
            -1.54506,47.195,0
            -1.54519,47.19485,0
            -1.54522,47.19481,0
            -1.54526,47.19478,0
            -1.54529,47.19476,0
            -1.54535,47.19474,0
            -1.54578,47.19459,0
            -1.54588,47.19473,0
            -1.54632,47.19458,0
            -1.54625,47.19448,0
            -1.54633,47.19445,0
            -1.54658,47.19438,0
            -1.54678,47.19432,0
            -1.54692,47.19428,0
            -1.54693,47.19428,0
            -1.54694,47.19428,0
            -1.54695,47.19428,0
            -1.54696,47.19428,0
            -1.54697,47.19428,0
            -1.54698,47.19428,0
            -1.54699,47.19428,0
            -1.547,47.19428,0
            -1.54701,47.19428,0
            -1.54703,47.19427,0
            -1.54704,47.19427,0
            -1.54705,47.19426,0
            -1.54705,47.19425,0
            -1.54706,47.19425,0
            -1.54707,47.19424,0
            -1.54707,47.19423,0
            -1.54708,47.19423,0
            -1.54708,47.19422,0
            -1.54708,47.19421,0
            -1.54725,47.19417,0
            -1.5473,47.19416,0
            -1.54737,47.19414,0
            -1.54745,47.19412,0
            -1.54755,47.19409,0
            -1.54779,47.19404,0
            -1.54805,47.19397,0
            -1.5483,47.19391,0
            -1.54838,47.19389,0
            -1.54848,47.19387,0
            -1.54855,47.19385,0
            -1.54871,47.19381,0
            -1.54877,47.19379,0
            -1.54921,47.19368,0
            -1.54946,47.19362,0
            -1.54977,47.19354,0
            -1.54984,47.19352,0
            -1.55097,47.19324,0
            -1.55168,47.19307,0
            -1.55195,47.193,0
            -1.55201,47.19298,0
            -1.55238,47.19289,0
            -1.55269,47.19281,0
            -1.55276,47.1928,0
            -1.5528,47.19279,0
            -1.55295,47.19276,0
            -1.5531,47.19274,0
            -1.5534,47.19268,0
            -1.55361,47.19262,0
            -1.55391,47.19252,0
            -1.55399,47.1925,0
            -1.55412,47.19247,0
            -1.55414,47.19249,0
            -1.55418,47.19251,0
            -1.5542,47.19252,0
            -1.55425,47.19254,0
            -1.55431,47.19255,0
            -1.55434,47.19255,0
            -1.55437,47.19263,0
            -1.55438,47.19265,0
            -1.5544,47.19267,0
            -1.55445,47.1927,0
            -1.5545,47.19271,0
            -1.55466,47.19277,0
            -1.55465,47.1928,0
            -1.55466,47.19285,0
            -1.55467,47.19288,0
            -1.55469,47.19291,0
            -1.55472,47.19293,0
            -1.55473,47.19293,0
            -1.55478,47.19294,0
            -1.55484,47.19293,0
            -1.55495,47.19304,0
            -1.55506,47.19313,0
            -1.55515,47.19323,0
            -1.55521,47.19335,0
            -1.55522,47.19336,0
            -1.55526,47.19349,0
            -1.55528,47.19354,0
            -1.55545,47.19417,0
            -1.55546,47.19426,0
            -1.55549,47.19438,0
            -1.55552,47.19448,0
            -1.55554,47.19453,0
            -1.55556,47.19459,0
            -1.5556,47.19465,0
            -1.55559,47.19467,0
            -1.55559,47.19469,0
            -1.55559,47.19471,0
            -1.55561,47.19473,0
            -1.55562,47.19475,0
            -1.55565,47.19477,0
            -1.55568,47.19478,0
            -1.55572,47.19479,0
            -1.55577,47.19479,0
            -1.55579,47.19479,0
            -1.55583,47.19479,0
            -1.55585,47.19478,0
            -1.55586,47.19476,0
            -1.55587,47.19475,0
            -1.55595,47.19476,0
            -1.55606,47.19477,0
            -1.55625,47.19476,0
            -1.55645,47.19476,0
            -1.55661,47.19471,0
            -1.55712,47.1947,0
            -1.55784,47.19469,0
            -1.55852,47.19467,0
            -1.5586,47.19467,0
            -1.55868,47.19467,0
            -1.55979,47.19464,0
            -1.56022,47.19463,0
            -1.56025,47.19528,0
            -1.56027,47.19546,0
            -1.56025,47.19528,0
            -1.56022,47.19463,0
            -1.55979,47.19464,0
            -1.55868,47.19467,0
            -1.5586,47.19467,0
            -1.55852,47.19467,0
            -1.55784,47.19469,0
            -1.55712,47.1947,0
            -1.55661,47.19471,0
            -1.55651,47.19471,0
            -1.55636,47.1947,0
            -1.55602,47.19464,0
            -1.55586,47.1946,0
            -1.55584,47.19459,0
            -1.55581,47.19457,0
            -1.55568,47.19443,0
            -1.55556,47.19429,0
            -1.55545,47.19417,0
            -1.55528,47.19354,0
            -1.55526,47.19349,0
            -1.55522,47.19336,0
            -1.55521,47.19335,0
            -1.55515,47.19323,0
            -1.55506,47.19313,0
            -1.55495,47.19304,0
            -1.55484,47.19293,0
            -1.55488,47.19291,0
            -1.55491,47.19289,0
            -1.55492,47.19286,0
            -1.55492,47.19282,0
            -1.55491,47.19279,0
            -1.55487,47.19276,0
            -1.55482,47.19274,0
            -1.55478,47.19274,0
            -1.55475,47.19275,0
            -1.5546,47.19269,0
            -1.55456,47.19267,0
            -1.55451,47.19265,0
            -1.55448,47.19263,0
            -1.55447,47.19261,0
            -1.55446,47.1926,0
            -1.55445,47.19254,0
            -1.55448,47.19253,0
            -1.5545,47.19252,0
            -1.55454,47.1925,0
            -1.55459,47.19247,0
            -1.5546,47.19245,0
            -1.55474,47.19243,0
            -1.55481,47.19243,0
            -1.55484,47.19243,0
            -1.55487,47.19243,0
            -1.5549,47.19243,0
            -1.55496,47.19243,0
            -1.55525,47.19241,0
            -1.55575,47.19238,0
            -1.55625,47.19235,0
            -1.55666,47.19233,0
            -1.55709,47.19232,0
            -1.5575,47.19232,0
            -1.5578,47.19232,0
            -1.55834,47.19233,0
            -1.55879,47.19236,0
            -1.5593,47.19239,0
            -1.55981,47.19244,0
            -1.56039,47.1925,0
            -1.56084,47.19254,0
            -1.56118,47.19256,0
            -1.56184,47.19258,0
            -1.56191,47.19257,0
            -1.56209,47.19254,0
            -1.56223,47.19252,0
            -1.5624,47.19253,0
            -1.56248,47.19254,0
            -1.56259,47.19255,0
            -1.56275,47.19256,0
            -1.56275,47.19262,0
            -1.56273,47.1927,0
            -1.56268,47.19295,0
            -1.56268,47.19305,0
            -1.56269,47.19314,0
            -1.56263,47.19345,0
            -1.56249,47.19423,0
            -1.56245,47.19444,0
            -1.56235,47.19506,0
            -1.56232,47.19528,0
            -1.56229,47.19545,0
            -1.56228,47.19546,0
            -1.56227,47.19547,0
            -1.56226,47.19547,0
            -1.56225,47.19548,0
            -1.56224,47.19549,0
            -1.56223,47.1955,0
            -1.56223,47.19551,0
            -1.56222,47.19551,0
            -1.56222,47.19552,0
            -1.56221,47.19553,0
            -1.56221,47.19554,0
            -1.56221,47.19555,0
            -1.56221,47.19556,0
            -1.56221,47.19557,0
            -1.56221,47.19558,0
            -1.56221,47.19559,0
            -1.56221,47.1956,0
            -1.56222,47.19561,0
            -1.56222,47.19562,0
            -1.56223,47.19563,0
            -1.56224,47.19564,0
            -1.56225,47.19565,0
            -1.56226,47.19565,0
            -1.56226,47.19566,0
            -1.56227,47.19567,0
            -1.56228,47.19567,0
            -1.56229,47.19568,0
            -1.5623,47.19568,0
            -1.56232,47.19568,0
            -1.56233,47.19569,0
            -1.56234,47.19569,0
            -1.56235,47.19569,0
            -1.56236,47.1957,0
            -1.56238,47.1957,0
            -1.56239,47.1957,0
            -1.5624,47.1957,0
            -1.56241,47.1957,0
            -1.56243,47.1957,0
            -1.56245,47.1957,0
            -1.56246,47.1957,0
            -1.56247,47.19569,0
            -1.56249,47.19569,0
            -1.5625,47.19569,0
            -1.56251,47.19568,0
            -1.56252,47.19568,0
            -1.56253,47.19567,0
            -1.56254,47.19567,0
            -1.56255,47.19566,0
            -1.56256,47.19566,0
            -1.56257,47.19565,0
            -1.56257,47.19564,0
            -1.56267,47.19564,0
            -1.56286,47.19565,0
            -1.56301,47.19565,0
            -1.56391,47.19573,0
            -1.56429,47.19576,0
            -1.56495,47.19581,0
            -1.56496,47.19581,0
            -1.56526,47.19582,0
            -1.56544,47.19582,0
            -1.56575,47.19582,0
            -1.56605,47.19582,0
            -1.56615,47.19581,0
            -1.56633,47.19578,0
            -1.56674,47.1957,0
            -1.56691,47.19566,0
            -1.56695,47.19565,0
            -1.56714,47.19559,0
            -1.56745,47.19549,0
            -1.56778,47.19536,0
            -1.56804,47.19522,0
            -1.56813,47.19518,0
            -1.56818,47.19515,0
            -1.56822,47.19512,0
            -1.56828,47.19508,0
            -1.56836,47.19502,0
            -1.56847,47.19496,0
            -1.56849,47.19495,0
            -1.56863,47.19488,0
            -1.56875,47.19484,0
            -1.56884,47.19479,0
            -1.56891,47.19476,0
            -1.56959,47.19469,0
            -1.57076,47.19459,0
            -1.57076,47.1946,0
            -1.57076,47.19461,0
            -1.57077,47.19462,0
            -1.57078,47.19463,0
            -1.57078,47.19464,0
            -1.57079,47.19464,0
            -1.5708,47.19465,0
            -1.57082,47.19466,0
            -1.57083,47.19467,0
            -1.57084,47.19467,0
            -1.57086,47.19468,0
            -1.57087,47.19468,0
            -1.57089,47.19468,0
            -1.5709,47.19468,0
            -1.57092,47.19468,0
            -1.57093,47.19468,0
            -1.57095,47.19468,0
            -1.57097,47.19468,0
            -1.57106,47.19513,0
            -1.5711,47.19533,0
            -1.57112,47.19547,0
            -1.57117,47.19569,0
            -1.57118,47.19572,0
            -1.57123,47.19594,0
            -1.57155,47.19593,0
            -1.57201,47.19591,0
            -1.57228,47.1959,0
            -1.57259,47.19587,0
            -1.57288,47.19587,0
            -1.57306,47.19585,0
            -1.57325,47.19582,0
            -1.57467,47.19553,0
            -1.57506,47.19546,0
            -1.57586,47.1953,0
            -1.57633,47.19519,0
            -1.57651,47.19515,0
            -1.57708,47.19503,0
            -1.57749,47.19497,0
            -1.57758,47.19494,0
            -1.57769,47.19492,0
            -1.57808,47.19483,0
            -1.5781,47.19489,0
            -1.57825,47.19488,0
            -1.57827,47.19488,0
            -1.57825,47.19488,0
            -1.5781,47.19489,0
            -1.57808,47.19483,0
            -1.5781,47.19482,0
            -1.57831,47.19479,0
            -1.57866,47.1948,0
            -1.57879,47.19476,0
            -1.57888,47.19474,0
            -1.57894,47.19474,0
            -1.57921,47.1947,0
            -1.57953,47.19466,0
            -1.57973,47.19464,0
            -1.5803,47.19458,0
            -1.58052,47.19455,0
            -1.58066,47.19455,0
            -1.58069,47.19455,0
            -1.58092,47.19453,0
            -1.58096,47.19449,0
            -1.58111,47.19433,0
            -1.58116,47.19428,0
            -1.58132,47.19414,0
            -1.58141,47.19408,0
            -1.5815,47.19402,0
            -1.58158,47.19399,0
            -1.58165,47.19395,0
            -1.5821,47.19377,0
            -1.58244,47.19364,0
            -1.5826,47.19359,0
            -1.58269,47.19354,0
            -1.58275,47.1935,0
            -1.583,47.19323,0
            -1.58343,47.19278,0
            -1.58394,47.19225,0
            -1.58456,47.19157,0
            -1.5847,47.19141,0
            -1.5846,47.19136,0
            -1.5847,47.19141,0
            -1.58503,47.19109,0
            -1.58518,47.19094,0
            -1.58522,47.19089,0
            -1.58531,47.1908,0
            -1.58542,47.19069,0
            -1.58548,47.19063,0
            -1.58553,47.19057,0
            -1.58556,47.19054,0
            -1.58559,47.19052,0
            -1.58566,47.19046,0
            -1.58628,47.18982,0
            -1.58641,47.18968,0
            -1.58656,47.18952,0
            -1.58668,47.1894,0
            -1.58679,47.18927,0
            -1.58691,47.18913,0
            -1.58698,47.18904,0
            -1.58703,47.18896,0
            -1.58706,47.18891,0
            -1.58709,47.18886,0
            -1.58712,47.18878,0
            -1.58721,47.18862,0
            -1.58723,47.18861,0
            -1.58727,47.18858,0
            -1.58732,47.18851,0
            -1.58737,47.18845,0
            -1.58738,47.18845,0
            -1.58745,47.18832,0
            -1.58751,47.18824,0
            -1.58753,47.18824,0
            -1.58755,47.18824,0
            -1.58757,47.18824,0
            -1.58759,47.18823,0
            -1.58762,47.18823,0
            -1.58764,47.18823,0
            -1.58766,47.18822,0
            -1.58768,47.18822,0
            -1.58772,47.18821,0
            -1.58776,47.1882,0
            -1.58779,47.18818,0
            -1.58782,47.18816,0
            -1.58785,47.18814,0
            -1.58788,47.18812,0
            -1.58791,47.1881,0
            -1.58793,47.18808,0
            -1.58794,47.18806,0
            -1.58795,47.18804,0
            -1.58796,47.18802,0
            -1.58796,47.188,0
            -1.58797,47.18798,0
            -1.58797,47.18796,0
            -1.58797,47.18795,0
            -1.58797,47.18793,0
            -1.58797,47.1879,0
            -1.58797,47.18787,0
            -1.58796,47.18784,0
            -1.58795,47.18782,0
            -1.58794,47.18779,0
            -1.58792,47.18777,0
            -1.5879,47.18774,0
            -1.58788,47.18772,0
            -1.58783,47.18769,0
            -1.58779,47.18766,0
            -1.58774,47.18764,0
            -1.58768,47.18762,0
            -1.58762,47.18761,0
            -1.58756,47.1876,0
            -1.5875,47.1876,0
            -1.58743,47.1876,0
            -1.58737,47.18758,0
            -1.5873,47.18755,0
            -1.58712,47.18742,0
            -1.58704,47.18736,0
            -1.58705,47.18736,0
            -1.58705,47.18735,0
            -1.58706,47.18735,0
            -1.58706,47.18734,0
            -1.58707,47.18734,0
            -1.58707,47.18733,0
            -1.58707,47.18732,0
            -1.58707,47.18731,0
            -1.58707,47.1873,0
            -1.58707,47.18729,0
            -1.58706,47.18728,0
            -1.58705,47.18727,0
            -1.58704,47.18727,0
            -1.58704,47.18726,0
            -1.58703,47.18726,0
            -1.58702,47.18726,0
            -1.58702,47.18725,0
            -1.58701,47.18725,0
            -1.587,47.18725,0
            -1.58699,47.18725,0
            -1.58696,47.18718,0
            -1.5869,47.18651,0
            -1.58702,47.18649,0
            -1.58709,47.18648,0
            -1.5876,47.18639,0
            -1.58826,47.18628,0
            -1.58905,47.18615,0
            -1.58998,47.18603,0
            -1.59036,47.18598,0
            -1.59081,47.18592,0
            -1.59093,47.18591,0
            -1.59162,47.18582,0
            -1.59176,47.18581,0
            -1.5922,47.18575,0
            -1.59249,47.18571,0
            -1.59263,47.18569,0
            -1.59293,47.18565,0
            -1.59316,47.18562,0
            -1.59371,47.18555,0
            -1.59411,47.1855,0
            -1.59467,47.18543,0
            -1.59546,47.18532,0
            -1.59597,47.18526,0
            -1.59598,47.18526,0
            -1.59599,47.18526,0
            -1.59617,47.18524,0
            -1.5963,47.18523,0
            -1.59642,47.18523,0
            -1.59653,47.18523,0
            -1.59672,47.18523,0
            -1.59682,47.18524,0
            -1.59692,47.18525,0
            -1.59704,47.18526,0
            -1.59718,47.18529,0
            -1.59723,47.18519,0
            -1.59724,47.18518,0
            -1.59728,47.18512,0
            -1.59732,47.18508,0
            -1.59738,47.18499,0
            -1.59748,47.1849,0
            -1.59757,47.18482,0
            -1.59761,47.18477,0
            -1.59764,47.18475,0
            -1.5977,47.18467,0
            -1.5977,47.18466,0
            -1.59776,47.18453,0
            -1.59781,47.18439,0
            -1.59782,47.18434,0
            -1.59784,47.18426,0
            -1.59786,47.18415,0
            -1.59774,47.18414,0
            -1.59786,47.18415,0
            -1.59789,47.18403,0
            -1.5979,47.18392,0
            -1.59793,47.18379,0
            -1.59794,47.18368,0
            -1.59796,47.18361,0
            -1.59796,47.18358,0
            -1.59796,47.18356,0
            -1.59797,47.18349,0
            -1.59797,47.18344,0
            -1.59797,47.18343,0
            -1.59795,47.1833,0
            -1.5979,47.18316,0
            -1.5978,47.18302,0
            -1.59765,47.18288,0
            -1.59755,47.18281,0
            -1.59748,47.18276,0
            -1.59744,47.18272,0
            -1.59729,47.18261,0
            -1.59727,47.18259,0
            -1.59723,47.18256,0
            -1.59679,47.18223,0
            -1.59666,47.18213,0
            -1.59653,47.18205,0
            -1.59649,47.18203,0
            -1.59623,47.1819,0
            -1.59602,47.18183,0
            -1.59601,47.18183,0
            -1.59528,47.18161,0
            -1.59494,47.18149,0
            -1.5949,47.18148,0
            -1.59472,47.1814,0
            -1.59454,47.18131,0
            -1.59446,47.18126,0
            -1.59439,47.18123,0
            -1.59426,47.18114,0
            -1.59415,47.18108,0
            -1.59385,47.18091,0
            -1.5936,47.18118,0
            -1.59345,47.18133,0
            -1.59314,47.18163,0
            -1.59291,47.18186,0
            -1.59249,47.1823,0
            -1.59238,47.18241,0
            -1.59231,47.18247,0
            -1.59225,47.18253,0
            -1.59213,47.18262,0
            -1.59213,47.18261,0
            -1.59212,47.18261,0
            -1.59211,47.18261,0
            -1.59211,47.1826,0
            -1.5921,47.1826,0
            -1.59209,47.1826,0
            -1.59208,47.1826,0
            -1.59208,47.18259,0
            -1.59207,47.18259,0
            -1.59206,47.18259,0
            -1.59205,47.18259,0
            -1.59204,47.18259,0
            -1.59203,47.18259,0
            -1.59202,47.18259,0
            -1.59201,47.18259,0
            -1.592,47.18259,0
            -1.592,47.1826,0
            -1.59199,47.1826,0
            -1.59198,47.1826,0
            -1.59197,47.1826,0
            -1.59197,47.18261,0
            -1.59196,47.18261,0
            -1.59179,47.18249,0
            -1.59134,47.18213,0
            -1.5911,47.18194,0
            -1.59086,47.18175,0
            -1.5908,47.18178,0
            -1.59066,47.18186,0
            -1.59058,47.1819,0
            -1.59036,47.18202,0
            -1.59023,47.18209,0
            -1.59015,47.18201,0
            -1.59014,47.182,0
            -1.5901,47.18196,0
            -1.59009,47.18195,0
            -1.59001,47.18189,0
            -1.58992,47.18184,0
            -1.58984,47.1818,0
            -1.58976,47.18176,0
            -1.58963,47.18168,0
            -1.58946,47.18157,0
            -1.58941,47.18153,0
            -1.58937,47.18149,0
            -1.58929,47.18144,0
            -1.58911,47.1813,0
            -1.58898,47.1812,0
            -1.58887,47.18112,0
            -1.58879,47.18105,0
            -1.58857,47.18088,0
            -1.58854,47.18087,0
            -1.58852,47.18086,0
            -1.58849,47.18085,0
            -1.58846,47.18085,0
            -1.58792,47.18096,0
            -1.58785,47.18098,0
            -1.58763,47.18102,0
            -1.58728,47.18111,0
            -1.5872,47.18094,0
            -1.58712,47.1808,0
            -1.58705,47.18066,0
            -1.58707,47.18065,0
            -1.58708,47.18065,0
            -1.58709,47.18065,0
            -1.5871,47.18064,0
            -1.58711,47.18063,0
            -1.58712,47.18063,0
            -1.58713,47.18062,0
            -1.58714,47.18062,0
            -1.58714,47.18061,0
            -1.58715,47.1806,0
            -1.58716,47.18059,0
            -1.58716,47.18058,0
            -1.58717,47.18058,0
            -1.58717,47.18057,0
            -1.58717,47.18056,0
            -1.58717,47.18055,0
            -1.58717,47.18054,0
            -1.58717,47.18053,0
            -1.58717,47.18052,0
            -1.58716,47.18052,0
            -1.58716,47.18051,0
            -1.58715,47.18051,0
            -1.58715,47.1805,0
            -1.58714,47.1805,0
            -1.58714,47.18049,0
            -1.58713,47.18048,0
            -1.58712,47.18048,0
            -1.58711,47.18047,0
            -1.5871,47.18047,0
            -1.58709,47.18046,0
            -1.58708,47.18046,0
            -1.58707,47.18046,0
            -1.58706,47.18045,0
            -1.58704,47.18045,0
            -1.58703,47.18045,0
            -1.58702,47.18045,0
            -1.58701,47.18045,0
            -1.587,47.18045,0
            -1.58699,47.18045,0
            -1.58698,47.18045,0
            -1.58697,47.18045,0
            -1.58696,47.18045,0
            -1.58695,47.18045,0
            -1.58695,47.18046,0
            -1.58694,47.18046,0
            -1.58693,47.18046,0
            -1.58692,47.18046,0
            -1.58692,47.18047,0
            -1.58691,47.18047,0
            -1.5869,47.18047,0
            -1.5869,47.18048,0
            -1.58689,47.18048,0
            -1.58688,47.18049,0
            -1.58687,47.1805,0
            -1.58687,47.18051,0
            -1.58686,47.18051,0
            -1.58686,47.18052,0
            -1.58656,47.18062,0
            -1.58623,47.18075,0
            -1.58595,47.18086,0
            -1.58581,47.1809,0
            -1.58569,47.18094,0
            -1.58558,47.18096,0
            -1.58557,47.18095,0
            -1.58556,47.18095,0
            -1.58555,47.18095,0
            -1.58555,47.18094,0
            -1.58554,47.18094,0
            -1.58553,47.18094,0
            -1.58552,47.18094,0
            -1.58551,47.18094,0
            -1.5855,47.18094,0
            -1.58549,47.18094,0
            -1.58548,47.18094,0
            -1.58547,47.18094,0
            -1.58546,47.18094,0
            -1.58545,47.18094,0
            -1.58526,47.18068,0
            -1.58524,47.18066,0
            -1.58515,47.18057,0
            -1.58501,47.18044,0
            -1.58499,47.18043,0
            -1.58493,47.18037,0
            -1.58461,47.18023,0
            -1.58434,47.18013,0
            -1.58405,47.18003,0
            -1.58385,47.17996,0
            -1.58367,47.1799,0
            -1.58347,47.17982,0
            -1.5831,47.17968,0
            -1.58294,47.17962,0
            -1.58269,47.17952,0
            -1.58255,47.17947,0
            -1.58254,47.17946,0
            -1.5824,47.1794,0
            -1.58234,47.17937,0
            -1.58222,47.17931,0
            -1.58199,47.17919,0
            -1.58193,47.17916,0
            -1.58182,47.1791,0
            -1.58173,47.17906,0
            -1.58155,47.17896,0
            -1.58141,47.17888,0
            -1.58126,47.1788,0
            -1.58121,47.17877,0
            -1.58097,47.17864,0
            -1.58088,47.17859,0
            -1.58077,47.17853,0
            -1.58063,47.17847,0
            -1.58051,47.1784,0
            -1.58036,47.17832,0
            -1.58026,47.17827,0
            -1.58021,47.17825,0
            -1.58016,47.17823,0
            -1.58012,47.1782,0
            -1.58009,47.17818,0
            -1.58005,47.17816,0
            -1.58005,47.17815,0
            -1.58,47.17813,0
            -1.57997,47.1781,0
            -1.57991,47.17807,0
            -1.5799,47.17806,0
            -1.57989,47.17805,0
            -1.57989,47.17804,0
            -1.57988,47.17804,0
            -1.57988,47.17803,0
            -1.57987,47.17803,0
            -1.57986,47.17803,0
            -1.57986,47.17802,0
            -1.57985,47.17802,0
            -1.57984,47.17802,0
            -1.57983,47.17801,0
            -1.57982,47.17801,0
            -1.57981,47.17801,0
            -1.5798,47.17801,0
            -1.57967,47.17792,0
            -1.57955,47.17784,0
            -1.57954,47.17783,0
            -1.57948,47.17777,0
            -1.57942,47.17768,0
            -1.57938,47.17761,0
            -1.57934,47.17756,0
            -1.57932,47.17752,0
            -1.5793,47.17748,0
            -1.57926,47.17738,0
            -1.57924,47.17731,0
            -1.57921,47.17719,0
            -1.57909,47.17658,0
            -1.57908,47.17654,0
            -1.57903,47.1763,0
            -1.57897,47.1761,0
            -1.57892,47.17599,0
            -1.57887,47.17588,0
            -1.5788,47.17577,0
            -1.57864,47.17557,0
            -1.57842,47.17531,0
            -1.57839,47.17528,0
            -1.57832,47.17519,0
            -1.57833,47.17519,0
            -1.57833,47.17518,0
            -1.57834,47.17518,0
            -1.57835,47.17517,0
            -1.57835,47.17516,0
          </coordinates>
        </LineString>
      </Placemark>
      <Placemark>
        <name>Rue Gabriel Goudy</name>
        <styleUrl>#icon-1899-DB4436-nodesc</styleUrl>
        <Point>
          <coordinates>
            -1.5400776,47.1948844,0
          </coordinates>
        </Point>
      </Placemark>
      <Placemark>
        <name>Rue Gabriel Goudy</name>
        <styleUrl>#icon-1899-DB4436-nodesc</styleUrl>
        <Point>
          <coordinates>
            -1.5415488,47.1960977,0
          </coordinates>
        </Point>
      </Placemark>
      <Placemark>
        <name>Rue Saint Jacques</name>
        <styleUrl>#icon-1899-DB4436-nodesc</styleUrl>
        <Point>
          <coordinates>
            -1.5388861,47.19649,0
          </coordinates>
        </Point>
      </Placemark>
      <Placemark>
        <name>Rue des Brêches</name>
        <styleUrl>#icon-1899-DB4436-nodesc</styleUrl>
        <Point>
          <coordinates>
            -1.5602652,47.1954624,0
          </coordinates>
        </Point>
      </Placemark>
      <Placemark>
        <name>Quai Surcouf</name>
        <styleUrl>#icon-1899-DB4436-nodesc</styleUrl>
        <Point>
          <coordinates>
            -1.5782721,47.1948827,0
          </coordinates>
        </Point>
      </Placemark>
      <Placemark>
        <name>Rue Ordronneau</name>
        <styleUrl>#icon-1899-DB4436-nodesc</styleUrl>
        <Point>
          <coordinates>
            -1.5846017,47.1913616,0
          </coordinates>
        </Point>
      </Placemark>
      <Placemark>
        <name>Chemin du Couvent</name>
        <styleUrl>#icon-1899-DB4436-nodesc</styleUrl>
        <Point>
          <coordinates>
            -1.5869618,47.187176,0
          </coordinates>
        </Point>
      </Placemark>
      <Placemark>
        <name>Rue de la Pierre</name>
        <styleUrl>#icon-1899-DB4436-nodesc</styleUrl>
        <Point>
          <coordinates>
            -1.5977408,47.1841424,0
          </coordinates>
        </Point>
      </Placemark>
      <Placemark>
        <name>Rue Célestin Freinet</name>
        <styleUrl>#icon-1899-DB4436-nodesc</styleUrl>
        <Point>
          <coordinates>
            -1.5879163,47.1809636,0
          </coordinates>
        </Point>
      </Placemark>
      <Placemark>
        <name>Rue Georges Clémenceau</name>
        <styleUrl>#icon-1899-DB4436-nodesc</styleUrl>
        <Point>
          <coordinates>
            -1.5783547,47.1751577,0
          </coordinates>
        </Point>
      </Placemark>
    </Folder>
    <Folder>
      <name>Itinéraire de Rue du Général De Gaulle à Rue des Fromenteaux</name>
      <Placemark>
        <name>Itinéraire de Rue du Général De Gaulle à Rue des Fromenteaux</name>
        <styleUrl>#line-1267FF-5000-nodesc</styleUrl>
        <LineString>
          <tessellate>1</tessellate>
          <coordinates>
            -1.49655,47.20788,0
            -1.49653,47.20784,0
            -1.49648,47.20781,0
            -1.4953,47.20782,0
            -1.49508,47.20782,0
            -1.49455,47.20783,0
            -1.49414,47.20784,0
            -1.49384,47.20786,0
            -1.49365,47.20788,0
            -1.49348,47.2079,0
            -1.49345,47.2079,0
            -1.49328,47.20793,0
            -1.49289,47.20801,0
            -1.49288,47.20801,0
            -1.4922,47.20814,0
            -1.49174,47.20825,0
            -1.49141,47.20831,0
            -1.49121,47.20835,0
            -1.49056,47.20848,0
            -1.49019,47.20856,0
            -1.49015,47.20856,0
            -1.49011,47.20856,0
            -1.49005,47.20857,0
            -1.48997,47.20859,0
            -1.48982,47.20862,0
            -1.48969,47.20864,0
            -1.48955,47.20868,0
            -1.48946,47.2087,0
            -1.48945,47.20869,0
            -1.48943,47.20868,0
            -1.4894,47.20868,0
            -1.48939,47.20868,0
            -1.48936,47.20867,0
            -1.48933,47.20868,0
            -1.48931,47.20868,0
            -1.48928,47.20869,0
            -1.48926,47.20869,0
            -1.48924,47.20871,0
            -1.48912,47.20867,0
            -1.4889,47.20861,0
            -1.48875,47.20858,0
            -1.4885,47.20852,0
            -1.48797,47.20839,0
            -1.48795,47.20852,0
            -1.48794,47.20881,0
            -1.48795,47.20901,0
            -1.48886,47.20883,0
            -1.48889,47.20883,0
            -1.48891,47.20883,0
            -1.48895,47.20883,0
            -1.48902,47.20884,0
            -1.48906,47.20884,0
            -1.48907,47.20884,0
            -1.48912,47.20885,0
            -1.4892,47.20885,0
            -1.48921,47.20887,0
            -1.48924,47.20888,0
            -1.48927,47.2089,0
            -1.48929,47.2089,0
            -1.48931,47.20891,0
            -1.48934,47.20891,0
            -1.48937,47.20891,0
            -1.4894,47.2089,0
            -1.48943,47.2089,0
            -1.48946,47.20889,0
            -1.48949,47.20887,0
            -1.4895,47.20885,0
            -1.48951,47.20883,0
            -1.48952,47.2088,0
            -1.48952,47.20878,0
            -1.48952,47.20876,0
            -1.4895,47.20874,0
            -1.48949,47.20872,0
            -1.48947,47.20871,0
            -1.48946,47.2087,0
            -1.48945,47.20869,0
            -1.48943,47.20868,0
            -1.4894,47.20868,0
            -1.4894,47.20862,0
            -1.48939,47.20858,0
            -1.48939,47.20848,0
            -1.48938,47.20841,0
            -1.48938,47.20839,0
            -1.48937,47.20837,0
            -1.48936,47.20835,0
            -1.48935,47.20827,0
            -1.48933,47.20821,0
            -1.48931,47.20815,0
            -1.48923,47.20801,0
            -1.48892,47.20766,0
            -1.48882,47.20754,0
            -1.48858,47.20725,0
            -1.48852,47.20717,0
            -1.48853,47.20716,0
            -1.48854,47.20714,0
            -1.48855,47.20713,0
            -1.48856,47.20711,0
            -1.48856,47.20709,0
            -1.48856,47.20707,0
            -1.48854,47.20705,0
            -1.48852,47.20704,0
            -1.48849,47.20702,0
            -1.48846,47.20701,0
            -1.4886,47.20678,0
            -1.48862,47.20672,0
            -1.48873,47.20647,0
            -1.48885,47.20618,0
            -1.48887,47.20612,0
            -1.48896,47.20586,0
            -1.48898,47.20577,0
            -1.489,47.20578,0
            -1.48903,47.20578,0
            -1.48905,47.20577,0
            -1.48907,47.20577,0
            -1.48908,47.20576,0
            -1.4891,47.20575,0
            -1.48911,47.20573,0
            -1.48912,47.20571,0
            -1.48911,47.20569,0
            -1.48911,47.20567,0
            -1.48909,47.20566,0
            -1.48907,47.20565,0
            -1.48912,47.20559,0
            -1.48915,47.20556,0
            -1.48936,47.20528,0
            -1.48966,47.2049,0
            -1.48977,47.20475,0
            -1.49,47.20444,0
            -1.49002,47.20441,0
            -1.49008,47.2043,0
            -1.49013,47.20414,0
            -1.49028,47.20371,0
            -1.49036,47.20348,0
            -1.49038,47.20348,0
            -1.49043,47.20348,0
            -1.49046,47.20345,0
            -1.49073,47.20355,0
            -1.49097,47.20363,0
            -1.49101,47.20365,0
            -1.49111,47.20369,0
            -1.4912,47.20372,0
            -1.49145,47.20381,0
            -1.49159,47.20386,0
            -1.49174,47.20391,0
            -1.49174,47.20392,0
            -1.49174,47.20391,0
            -1.49159,47.20386,0
            -1.49145,47.20381,0
            -1.4912,47.20372,0
            -1.49111,47.20369,0
            -1.49101,47.20365,0
            -1.49097,47.20363,0
            -1.49073,47.20355,0
            -1.49046,47.20345,0
            -1.49047,47.20342,0
            -1.49045,47.20339,0
            -1.49042,47.20337,0
            -1.49038,47.20336,0
            -1.49041,47.20307,0
            -1.49046,47.20289,0
            -1.4905,47.20278,0
            -1.49056,47.20271,0
            -1.49064,47.20262,0
            -1.49076,47.20253,0
            -1.49085,47.20249,0
            -1.49098,47.20242,0
            -1.49099,47.20241,0
            -1.49121,47.20235,0
            -1.49208,47.20218,0
            -1.49256,47.20208,0
            -1.49294,47.202,0
            -1.49343,47.20189,0
            -1.49349,47.20188,0
            -1.49355,47.20188,0
            -1.49368,47.20186,0
            -1.49391,47.20182,0
            -1.49405,47.20181,0
            -1.49407,47.20181,0
            -1.4941,47.20181,0
            -1.49412,47.20181,0
            -1.49414,47.2018,0
            -1.49416,47.20178,0
            -1.49416,47.20177,0
            -1.49416,47.20175,0
            -1.49414,47.20173,0
            -1.49412,47.20172,0
            -1.49411,47.20172,0
            -1.49408,47.20172,0
            -1.49405,47.20172,0
            -1.49403,47.20174,0
            -1.49402,47.20175,0
            -1.49391,47.20178,0
            -1.49385,47.20179,0
            -1.49353,47.20185,0
            -1.49349,47.20188,0
            -1.49343,47.20189,0
            -1.49294,47.202,0
            -1.49256,47.20208,0
            -1.49208,47.20218,0
            -1.49121,47.20235,0
            -1.49099,47.20241,0
            -1.49098,47.20242,0
            -1.49085,47.20249,0
            -1.49076,47.20253,0
            -1.49064,47.20262,0
            -1.49056,47.20271,0
            -1.4905,47.20278,0
            -1.49046,47.20289,0
            -1.49041,47.20307,0
            -1.49038,47.20336,0
            -1.49037,47.20336,0
            -1.49032,47.20337,0
            -1.49029,47.20339,0
            -1.48974,47.20324,0
            -1.48962,47.2032,0
            -1.48929,47.20308,0
            -1.48926,47.20307,0
            -1.48913,47.20302,0
            -1.48882,47.20287,0
            -1.48851,47.20267,0
            -1.48784,47.20221,0
            -1.48774,47.20213,0
            -1.48767,47.20206,0
            -1.48761,47.20198,0
            -1.48757,47.20192,0
            -1.48752,47.20185,0
            -1.48744,47.20171,0
            -1.48741,47.20163,0
            -1.4874,47.20155,0
            -1.4878,47.20096,0
            -1.48787,47.20082,0
            -1.48824,47.20034,0
            -1.4883,47.20027,0
            -1.48861,47.19985,0
            -1.48862,47.19982,0
            -1.48862,47.19977,0
            -1.48856,47.19961,0
            -1.48831,47.19965,0
            -1.48766,47.19888,0
            -1.48749,47.19867,0
            -1.48741,47.1986,0
            -1.48738,47.19857,0
            -1.48736,47.19854,0
            -1.48732,47.19849,0
            -1.48729,47.19845,0
            -1.48728,47.19841,0
            -1.48725,47.19835,0
            -1.4872,47.1982,0
            -1.4872,47.19814,0
            -1.48719,47.19806,0
            -1.4872,47.19797,0
            -1.48727,47.19778,0
            -1.48735,47.19763,0
            -1.48744,47.19746,0
            -1.48785,47.19668,0
            -1.48809,47.19629,0
            -1.4881,47.19628,0
            -1.48811,47.19628,0
            -1.48813,47.19624,0
            -1.48816,47.19619,0
            -1.48819,47.19613,0
            -1.4882,47.19613,0
            -1.48821,47.19613,0
            -1.48821,47.19612,0
            -1.48822,47.19612,0
            -1.48823,47.19612,0
            -1.48824,47.19611,0
            -1.48872,47.19618,0
            -1.48898,47.19622,0
            -1.48916,47.19625,0
            -1.48957,47.19632,0
            -1.4903,47.19643,0
            -1.49053,47.19646,0
            -1.49118,47.19655,0
            -1.49152,47.1966,0
            -1.49178,47.19663,0
            -1.49198,47.1967,0
            -1.49198,47.19671,0
            -1.49198,47.19672,0
            -1.49197,47.19672,0
            -1.49197,47.19673,0
            -1.49197,47.19674,0
            -1.49198,47.19674,0
            -1.49198,47.19675,0
            -1.49198,47.19676,0
            -1.49198,47.19677,0
            -1.49199,47.19677,0
            -1.49199,47.19678,0
            -1.492,47.19679,0
            -1.49201,47.1968,0
            -1.49202,47.1968,0
            -1.49202,47.19681,0
            -1.49203,47.19681,0
            -1.49204,47.19682,0
            -1.49205,47.19682,0
            -1.49206,47.19682,0
            -1.49207,47.19683,0
            -1.49208,47.19683,0
            -1.49209,47.19683,0
            -1.4921,47.19683,0
            -1.49211,47.19683,0
            -1.49212,47.19683,0
            -1.49213,47.19683,0
            -1.49214,47.19683,0
            -1.49215,47.19683,0
            -1.49216,47.19683,0
            -1.49217,47.19683,0
            -1.49218,47.19683,0
            -1.49219,47.19682,0
            -1.4922,47.19682,0
            -1.49221,47.19682,0
            -1.49221,47.19681,0
            -1.49222,47.19681,0
            -1.49223,47.19681,0
            -1.49223,47.1968,0
            -1.49224,47.1968,0
            -1.49224,47.19679,0
            -1.49225,47.19679,0
            -1.49226,47.19678,0
            -1.49226,47.19677,0
            -1.49227,47.19677,0
            -1.49227,47.19676,0
            -1.49227,47.19675,0
            -1.49227,47.19674,0
            -1.49227,47.19673,0
            -1.49242,47.19674,0
            -1.4926,47.19645,0
            -1.49275,47.1962,0
            -1.49299,47.19577,0
            -1.49303,47.1957,0
            -1.49307,47.19561,0
            -1.49309,47.19556,0
            -1.49311,47.19546,0
            -1.49298,47.19534,0
            -1.49292,47.19528,0
            -1.4929,47.19525,0
            -1.49289,47.19522,0
            -1.49288,47.19517,0
            -1.49288,47.19514,0
            -1.49289,47.19509,0
            -1.49312,47.19441,0
            -1.49318,47.19427,0
            -1.49332,47.1943,0
            -1.49353,47.19437,0
            -1.49412,47.19455,0
            -1.49441,47.19462,0
            -1.49454,47.19464,0
            -1.49487,47.19466,0
            -1.4956,47.1947,0
            -1.4958,47.19472,0
            -1.49595,47.19474,0
            -1.49602,47.19475,0
            -1.49615,47.19477,0
            -1.49647,47.19486,0
            -1.49666,47.19492,0
            -1.4968,47.19496,0
            -1.49723,47.1951,0
            -1.49744,47.19516,0
            -1.49776,47.19525,0
            -1.49783,47.19525,0
            -1.49791,47.19525,0
            -1.49808,47.19524,0
            -1.49808,47.19525,0
            -1.49809,47.19525,0
            -1.49809,47.19526,0
            -1.4981,47.19526,0
            -1.4981,47.19527,0
            -1.49811,47.19527,0
            -1.49811,47.19528,0
            -1.49812,47.19528,0
            -1.49813,47.19528,0
            -1.49814,47.19528,0
            -1.49815,47.19528,0
            -1.49815,47.19529,0
            -1.49816,47.19529,0
            -1.49817,47.19529,0
            -1.49818,47.19529,0
            -1.49818,47.19528,0
            -1.49819,47.19528,0
            -1.4982,47.19528,0
            -1.49821,47.19528,0
            -1.49822,47.19528,0
            -1.49822,47.19527,0
            -1.49823,47.19527,0
            -1.49824,47.19526,0
            -1.49825,47.19526,0
            -1.49825,47.19525,0
            -1.49825,47.19524,0
            -1.49826,47.19524,0
            -1.49826,47.19523,0
            -1.49826,47.19522,0
            -1.49826,47.19521,0
            -1.49825,47.1952,0
            -1.49825,47.19519,0
            -1.49824,47.19519,0
            -1.49824,47.19518,0
            -1.49823,47.19518,0
            -1.49822,47.19517,0
            -1.49821,47.19517,0
            -1.4982,47.19517,0
            -1.4982,47.19516,0
            -1.49819,47.19516,0
            -1.49818,47.19516,0
            -1.49817,47.19516,0
            -1.49816,47.19516,0
            -1.49815,47.19512,0
            -1.498,47.19467,0
            -1.49797,47.19457,0
            -1.49796,47.19453,0
            -1.49783,47.194,0
            -1.4978,47.19389,0
            -1.49776,47.19376,0
            -1.49767,47.19328,0
            -1.49748,47.19289,0
            -1.49726,47.19244,0
            -1.49715,47.19227,0
            -1.49708,47.19217,0
            -1.49703,47.19212,0
            -1.49698,47.19208,0
            -1.49697,47.19206,0
            -1.49695,47.19204,0
            -1.49693,47.19202,0
            -1.49692,47.19202,0
            -1.49684,47.19195,0
            -1.49675,47.19188,0
            -1.49674,47.19186,0
            -1.49672,47.19184,0
            -1.49669,47.19182,0
            -1.49666,47.19181,0
            -1.49662,47.19174,0
            -1.49657,47.19167,0
            -1.4965,47.19155,0
            -1.4964,47.19142,0
            -1.49621,47.19126,0
            -1.49578,47.19081,0
            -1.49532,47.19032,0
            -1.49555,47.19024,0
            -1.49563,47.19021,0
            -1.49579,47.19015,0
            -1.49599,47.19008,0
            -1.49603,47.19006,0
            -1.49622,47.19001,0
            -1.49618,47.18995,0
            -1.49611,47.18984,0
            -1.49605,47.18973,0
            -1.4958,47.18927,0
            -1.49555,47.18886,0
            -1.4955,47.18877,0
            -1.49538,47.18853,0
            -1.49534,47.18844,0
            -1.49531,47.18839,0
            -1.49521,47.18827,0
            -1.49578,47.18829,0
            -1.49644,47.18829,0
            -1.49723,47.18834,0
            -1.49728,47.18835,0
            -1.49733,47.18835,0
            -1.49745,47.18835,0
            -1.49773,47.18837,0
            -1.49798,47.18839,0
            -1.49849,47.18842,0
            -1.4989,47.18845,0
            -1.49924,47.18847,0
            -1.49929,47.18847,0
            -1.49961,47.18849,0
            -1.50027,47.18854,0
            -1.50057,47.18856,0
            -1.50069,47.18856,0
            -1.50082,47.18857,0
            -1.5009,47.18857,0
            -1.50114,47.18859,0
            -1.50128,47.1886,0
            -1.50147,47.18861,0
            -1.5019,47.18864,0
            -1.5022,47.18866,0
            -1.50253,47.18867,0
            -1.50287,47.18869,0
            -1.50314,47.18871,0
            -1.5034,47.18872,0
            -1.50372,47.18875,0
            -1.50377,47.18877,0
            -1.50384,47.18879,0
            -1.50431,47.18883,0
            -1.50489,47.18886,0
            -1.50534,47.18888,0
            -1.5055,47.18887,0
            -1.5056,47.18888,0
            -1.50575,47.18889,0
            -1.50597,47.18891,0
            -1.50757,47.18901,0
            -1.50805,47.18904,0
            -1.50827,47.18905,0
            -1.50829,47.18905,0
            -1.5084,47.18906,0
            -1.50851,47.18907,0
            -1.50861,47.1891,0
            -1.50866,47.1891,0
            -1.50868,47.1891,0
            -1.50915,47.18914,0
            -1.50993,47.18919,0
            -1.51011,47.1892,0
            -1.51034,47.18922,0
            -1.51096,47.18926,0
            -1.51171,47.1893,0
            -1.51192,47.18932,0
            -1.51233,47.18934,0
            -1.51279,47.18937,0
            -1.51282,47.18937,0
            -1.51345,47.18941,0
            -1.51368,47.18942,0
            -1.51369,47.18942,0
            -1.51369,47.18943,0
            -1.5137,47.18943,0
            -1.51371,47.18943,0
            -1.51372,47.18943,0
            -1.51373,47.18943,0
            -1.51374,47.18943,0
            -1.51375,47.18943,0
            -1.51376,47.18943,0
            -1.51377,47.18943,0
            -1.51378,47.18943,0
            -1.51378,47.18942,0
            -1.51379,47.18942,0
            -1.5138,47.18941,0
            -1.51381,47.18941,0
            -1.51381,47.1894,0
            -1.51381,47.18939,0
            -1.51382,47.18939,0
            -1.51382,47.18938,0
            -1.51382,47.18937,0
            -1.51381,47.18937,0
            -1.51381,47.18936,0
            -1.51381,47.18935,0
            -1.5138,47.18935,0
            -1.5138,47.18934,0
            -1.51379,47.18934,0
            -1.51379,47.18933,0
            -1.51378,47.18933,0
            -1.51377,47.18933,0
            -1.51382,47.18925,0
            -1.51383,47.18923,0
            -1.51384,47.18921,0
            -1.51388,47.18916,0
            -1.51399,47.18904,0
            -1.51407,47.18896,0
            -1.51411,47.18892,0
            -1.51424,47.18879,0
            -1.51429,47.18874,0
            -1.51434,47.18871,0
            -1.51439,47.18867,0
            -1.51446,47.18863,0
            -1.51452,47.1886,0
            -1.51458,47.18857,0
            -1.51471,47.18849,0
            -1.51489,47.18838,0
            -1.51518,47.18822,0
            -1.51545,47.18807,0
            -1.51554,47.18802,0
            -1.51569,47.18794,0
            -1.51582,47.18786,0
            -1.51585,47.18785,0
            -1.51599,47.18776,0
            -1.51615,47.18765,0
            -1.51641,47.18749,0
            -1.51645,47.18747,0
            -1.51682,47.18725,0
            -1.51704,47.18712,0
            -1.51709,47.1871,0
            -1.5172,47.18707,0
            -1.51727,47.18706,0
            -1.51735,47.18705,0
            -1.51764,47.18707,0
            -1.51779,47.18709,0
            -1.51806,47.18712,0
            -1.51823,47.18713,0
            -1.51828,47.18713,0
            -1.51832,47.18712,0
            -1.51834,47.18712,0
            -1.5184,47.18709,0
            -1.5186,47.18718,0
            -1.51881,47.18725,0
            -1.51886,47.18726,0
            -1.51945,47.18741,0
            -1.51975,47.1875,0
            -1.52008,47.18762,0
            -1.52029,47.18776,0
            -1.52028,47.18777,0
            -1.52028,47.18779,0
            -1.52028,47.1878,0
            -1.52029,47.18782,0
            -1.5203,47.18784,0
            -1.52032,47.18785,0
            -1.52033,47.18786,0
            -1.52034,47.18787,0
            -1.52036,47.18788,0
            -1.52038,47.18788,0
            -1.52041,47.18789,0
            -1.52043,47.18789,0
            -1.52044,47.18789,0
            -1.52046,47.18789,0
            -1.52049,47.18788,0
            -1.52051,47.18788,0
            -1.52054,47.18787,0
            -1.52055,47.18785,0
            -1.52069,47.18787,0
            -1.52075,47.18788,0
            -1.52085,47.18788,0
            -1.52214,47.18834,0
            -1.52201,47.18845,0
            -1.52214,47.18834,0
            -1.52282,47.18861,0
            -1.52284,47.18862,0
            -1.5236,47.18895,0
            -1.52379,47.18905,0
            -1.52389,47.18912,0
            -1.52404,47.18925,0
            -1.52424,47.18912,0
            -1.52443,47.18897,0
            -1.52454,47.18887,0
            -1.52461,47.18882,0
            -1.52468,47.18876,0
            -1.52477,47.18869,0
            -1.52481,47.18865,0
            -1.52494,47.18853,0
            -1.52514,47.18834,0
            -1.52517,47.18831,0
            -1.52541,47.18805,0
            -1.52548,47.18797,0
          </coordinates>
        </LineString>
      </Placemark>
      <Placemark>
        <name>Rue du Général De Gaulle</name>
        <styleUrl>#icon-1899-DB4436-nodesc</styleUrl>
        <Point>
          <coordinates>
            -1.4965473,47.2078826,0
          </coordinates>
        </Point>
      </Placemark>
      <Placemark>
        <name>Avenue de Glinde</name>
        <styleUrl>#icon-1899-DB4436-nodesc</styleUrl>
        <Point>
          <coordinates>
            -1.4890707,47.2088407,0
          </coordinates>
        </Point>
      </Placemark>
      <Placemark>
        <name>Rue de Beaugency</name>
        <styleUrl>#icon-1899-DB4436-nodesc</styleUrl>
        <Point>
          <coordinates>
            -1.4917448,47.2039155,0
          </coordinates>
        </Point>
      </Placemark>
      <Placemark>
        <name>Rue de la Fontaine</name>
        <styleUrl>#icon-1899-DB4436-nodesc</styleUrl>
        <Point>
          <coordinates>
            -1.4939075,47.2017784,0
          </coordinates>
        </Point>
      </Placemark>
      <Placemark>
        <name>Avenue de Montréal</name>
        <styleUrl>#icon-1899-DB4436-nodesc</styleUrl>
        <Point>
          <coordinates>
            -1.4873609,47.1985431,0
          </coordinates>
        </Point>
      </Placemark>
      <Placemark>
        <name>Rue de la Jaunaie</name>
        <styleUrl>#icon-1899-DB4436-nodesc</styleUrl>
        <Point>
          <coordinates>
            -1.4969281,47.1920228,0
          </coordinates>
        </Point>
      </Placemark>
      <Placemark>
        <name>Route de Clisson</name>
        <styleUrl>#icon-1899-DB4436-nodesc</styleUrl>
        <Point>
          <coordinates>
            -1.5080508,47.1890396,0
          </coordinates>
        </Point>
      </Placemark>
      <Placemark>
        <name>Rue de la Gilarderie</name>
        <styleUrl>#icon-1899-DB4436-nodesc</styleUrl>
        <Point>
          <coordinates>
            -1.5188114,47.1872489,0
          </coordinates>
        </Point>
      </Placemark>
      <Placemark>
        <name>Allée de la Civelière</name>
        <styleUrl>#icon-1899-DB4436-nodesc</styleUrl>
        <Point>
          <coordinates>
            -1.5220091,47.1884469,0
          </coordinates>
        </Point>
      </Placemark>
      <Placemark>
        <name>Rue des Fromenteaux</name>
        <styleUrl>#icon-1899-DB4436-nodesc</styleUrl>
        <Point>
          <coordinates>
            -1.5254782,47.1879742,0
          </coordinates>
        </Point>
      </Placemark>
    </Folder>
    <Folder>
      <name>Itinéraire de Rue Jean Baptiste Robert à Route de Saint Sébastien</name>
      <Placemark>
        <name>Itinéraire de Rue Jean Baptiste Robert à Route de Saint Sébastien</name>
        <styleUrl>#line-1267FF-5000-nodesc</styleUrl>
        <LineString>
          <tessellate>1</tessellate>
          <coordinates>
            -1.50908,47.20938,0
            -1.50938,47.20941,0
            -1.50945,47.20943,0
            -1.50966,47.20946,0
            -1.50966,47.20948,0
            -1.50967,47.2095,0
            -1.50968,47.20951,0
            -1.50968,47.20952,0
            -1.50973,47.20956,0
            -1.50974,47.20956,0
            -1.50975,47.20957,0
            -1.50977,47.20958,0
            -1.50979,47.20958,0
            -1.50981,47.20959,0
            -1.50984,47.20959,0
            -1.50987,47.20958,0
            -1.50991,47.20958,0
            -1.50995,47.20956,0
            -1.50997,47.20954,0
            -1.50999,47.20953,0
            -1.51,47.20951,0
            -1.51009,47.20948,0
            -1.511,47.20938,0
            -1.51115,47.20935,0
            -1.51154,47.20923,0
            -1.51258,47.20882,0
            -1.51346,47.20841,0
            -1.51354,47.20839,0
            -1.51364,47.20839,0
            -1.51368,47.20837,0
            -1.5137,47.20835,0
            -1.51384,47.20831,0
            -1.51396,47.20829,0
            -1.514,47.20829,0
            -1.51403,47.20828,0
            -1.51451,47.2082,0
            -1.51455,47.2082,0
            -1.51524,47.20805,0
            -1.51575,47.208,0
            -1.5159,47.208,0
            -1.51615,47.20797,0
            -1.51699,47.20782,0
            -1.51749,47.2077,0
            -1.51775,47.20761,0
            -1.51805,47.20754,0
            -1.51821,47.20753,0
            -1.51821,47.20754,0
            -1.51825,47.20754,0
            -1.51825,47.20755,0
            -1.51828,47.20755,0
            -1.51829,47.20754,0
            -1.51832,47.20754,0
            -1.51833,47.20753,0
            -1.51834,47.20753,0
            -1.51835,47.20752,0
            -1.51836,47.20752,0
            -1.51836,47.20751,0
            -1.51837,47.2075,0
            -1.51837,47.20749,0
            -1.51838,47.20748,0
            -1.51838,47.20747,0
            -1.51848,47.20745,0
            -1.51924,47.20713,0
            -1.51985,47.20678,0
            -1.52015,47.20665,0
            -1.52036,47.20653,0
            -1.52061,47.20634,0
            -1.52262,47.20522,0
            -1.52274,47.20514,0
            -1.52283,47.20514,0
            -1.52283,47.20513,0
            -1.52285,47.20513,0
            -1.52286,47.20512,0
            -1.52287,47.20512,0
            -1.52287,47.20511,0
            -1.52288,47.20511,0
            -1.52288,47.2051,0
            -1.52289,47.2051,0
            -1.52289,47.20509,0
            -1.5229,47.20509,0
            -1.5229,47.20503,0
            -1.52289,47.20503,0
            -1.52289,47.20502,0
            -1.52288,47.20502,0
            -1.52288,47.20501,0
            -1.52287,47.20501,0
            -1.52287,47.205,0
            -1.52286,47.205,0
            -1.52285,47.20499,0
            -1.52284,47.20499,0
            -1.52284,47.20498,0
            -1.52281,47.20498,0
            -1.52281,47.20497,0
            -1.52276,47.20497,0
            -1.52257,47.20487,0
            -1.52255,47.20485,0
            -1.52253,47.20484,0
            -1.52248,47.20483,0
            -1.52238,47.20475,0
            -1.52225,47.20467,0
            -1.52198,47.2046,0
            -1.5216,47.2044,0
            -1.52132,47.20421,0
            -1.52065,47.20368,0
            -1.52068,47.20365,0
            -1.52068,47.20364,0
            -1.52069,47.20362,0
            -1.52067,47.20359,0
            -1.52149,47.2032,0
            -1.52152,47.20318,0
            -1.52153,47.20318,0
            -1.52259,47.20267,0
            -1.52263,47.20263,0
            -1.5227,47.20262,0
            -1.52277,47.20259,0
            -1.52281,47.20258,0
            -1.52283,47.20259,0
            -1.52288,47.20259,0
            -1.52291,47.20258,0
            -1.52294,47.20255,0
            -1.52295,47.20253,0
            -1.52293,47.20249,0
            -1.52292,47.20248,0
            -1.5231,47.20221,0
            -1.52311,47.20217,0
            -1.52311,47.20213,0
            -1.52322,47.20176,0
            -1.52329,47.20164,0
            -1.52338,47.20154,0
            -1.52353,47.20143,0
            -1.52378,47.20129,0
            -1.52342,47.20104,0
            -1.52314,47.20087,0
            -1.52312,47.20085,0
            -1.52266,47.20058,0
            -1.52151,47.20006,0
            -1.52131,47.19995,0
            -1.52091,47.19954,0
            -1.52095,47.19952,0
            -1.52097,47.1995,0
            -1.52099,47.19946,0
            -1.52099,47.19945,0
            -1.52098,47.19943,0
            -1.52098,47.19941,0
            -1.52094,47.19937,0
            -1.52093,47.19937,0
            -1.52086,47.19935,0
            -1.52082,47.19935,0
            -1.52079,47.19936,0
            -1.52074,47.19939,0
            -1.52071,47.19945,0
            -1.52071,47.19947,0
            -1.52017,47.19956,0
            -1.52071,47.19947,0
            -1.52073,47.19949,0
            -1.52074,47.19951,0
            -1.52077,47.19953,0
            -1.5208,47.19954,0
            -1.52091,47.19954,0
            -1.52095,47.19952,0
            -1.52097,47.1995,0
            -1.52099,47.19946,0
            -1.52099,47.19945,0
            -1.52098,47.19943,0
            -1.52098,47.19941,0
            -1.52094,47.19937,0
            -1.52093,47.19937,0
            -1.52086,47.19935,0
            -1.52082,47.19935,0
            -1.52077,47.19937,0
            -1.52058,47.19918,0
            -1.52034,47.19898,0
            -1.51964,47.19833,0
            -1.51955,47.19827,0
            -1.51946,47.19818,0
            -1.51936,47.19801,0
            -1.51925,47.19741,0
            -1.51925,47.19738,0
            -1.51918,47.1972,0
            -1.51861,47.19625,0
            -1.51858,47.19618,0
            -1.51829,47.19572,0
            -1.51786,47.19526,0
            -1.51781,47.19522,0
            -1.51757,47.19497,0
            -1.51755,47.19493,0
            -1.5176,47.19477,0
            -1.51771,47.19454,0
            -1.51776,47.19438,0
            -1.51776,47.1941,0
            -1.5177,47.1938,0
            -1.51764,47.19359,0
            -1.51756,47.19343,0
            -1.51755,47.19342,0
            -1.51737,47.1931,0
            -1.51735,47.19303,0
            -1.51741,47.19302,0
            -1.51856,47.193,0
            -1.51791,47.18974,0
            -1.51793,47.18974,0
            -1.51794,47.18973,0
            -1.51795,47.18973,0
            -1.51796,47.18972,0
            -1.51797,47.18972,0
            -1.51798,47.18971,0
            -1.51809,47.18971,0
            -1.51839,47.18975,0
            -1.51845,47.18977,0
            -1.51853,47.18978,0
            -1.51866,47.18978,0
            -1.51868,47.1898,0
            -1.51869,47.1898,0
            -1.5187,47.18981,0
            -1.51879,47.18981,0
            -1.51879,47.1898,0
            -1.51881,47.1898,0
            -1.51881,47.18979,0
            -1.51923,47.18989,0
            -1.51925,47.1899,0
            -1.51988,47.19006,0
            -1.52164,47.19066,0
            -1.52424,47.18912,0
            -1.52477,47.18869,0
            -1.52517,47.18831,0
            -1.52584,47.18758,0
            -1.52643,47.18787,0
            -1.52606,47.18828,0
            -1.52605,47.18832,0
            -1.52622,47.18841,0
            -1.52605,47.18832,0
            -1.52606,47.18828,0
            -1.52643,47.18787,0
            -1.52584,47.18758,0
            -1.52613,47.18724,0
            -1.52647,47.18697,0
            -1.52659,47.18689,0
            -1.5276,47.18634,0
            -1.52801,47.1866,0
            -1.52804,47.18661,0
            -1.52991,47.18774,0
            -1.53071,47.18817,0
            -1.53282,47.18996,0
            -1.53345,47.19046,0
            -1.53393,47.19099,0
            -1.53482,47.19176,0
            -1.5349,47.19185,0
            -1.53454,47.19195,0
            -1.53429,47.19207,0
            -1.53355,47.19249,0
            -1.53348,47.19251,0
            -1.53309,47.19258,0
            -1.53267,47.19269,0
            -1.53106,47.19331,0
            -1.53039,47.1935,0
            -1.53035,47.19352,0
            -1.53031,47.19356,0
            -1.53006,47.19349,0
            -1.53,47.19345,0
            -1.52822,47.19284,0
            -1.52817,47.19283,0
            -1.52803,47.19278,0
            -1.52802,47.19277,0
            -1.52788,47.19272,0
            -1.52776,47.19269,0
            -1.52769,47.19266,0
            -1.52737,47.19256,0
            -1.52731,47.19253,0
            -1.52722,47.1925,0
            -1.52723,47.1925,0
            -1.52723,47.19246,0
            -1.52722,47.19246,0
            -1.52722,47.19244,0
            -1.52719,47.19241,0
            -1.52718,47.19241,0
            -1.52718,47.1924,0
            -1.52716,47.1924,0
            -1.52716,47.19239,0
            -1.52713,47.19239,0
            -1.52712,47.19238,0
            -1.52704,47.19238,0
            -1.52704,47.19239,0
            -1.52701,47.19239,0
            -1.52701,47.1924,0
            -1.52699,47.1924,0
            -1.52699,47.19241,0
            -1.52698,47.19241,0
            -1.52697,47.19242,0
            -1.52696,47.19242,0
            -1.52696,47.19243,0
            -1.52695,47.19243,0
            -1.52695,47.19245,0
            -1.52694,47.19245,0
            -1.52694,47.19251,0
            -1.52695,47.19251,0
            -1.52695,47.19252,0
            -1.52696,47.19253,0
            -1.52694,47.19258,0
            -1.52695,47.19263,0
            -1.52697,47.19267,0
            -1.52702,47.19273,0
            -1.52725,47.1929,0
            -1.52725,47.19293,0
            -1.52726,47.19293,0
            -1.52726,47.19295,0
            -1.52727,47.19295,0
            -1.52727,47.19296,0
            -1.52728,47.19296,0
            -1.52728,47.19297,0
            -1.52729,47.19297,0
            -1.52729,47.19298,0
            -1.52731,47.19298,0
            -1.52731,47.19299,0
            -1.52736,47.19299,0
            -1.52736,47.193,0
            -1.52737,47.193,0
            -1.52738,47.19299,0
            -1.52743,47.19299,0
            -1.52773,47.19323,0
            -1.52774,47.19323,0
            -1.5278,47.19325,0
            -1.52818,47.19358,0
            -1.52845,47.19372,0
            -1.52847,47.19374,0
            -1.52848,47.19376,0
            -1.5285,47.19378,0
            -1.52851,47.1938,0
            -1.52853,47.19382,0
            -1.52854,47.19384,0
            -1.52856,47.19385,0
            -1.52857,47.19386,0
            -1.52861,47.19388,0
            -1.52862,47.19389,0
            -1.52866,47.19391,0
            -1.5287,47.19398,0
            -1.52872,47.19403,0
            -1.5288,47.19417,0
            -1.52902,47.19445,0
            -1.52918,47.19461,0
            -1.5292,47.19464,0
            -1.52925,47.19467,0
            -1.52946,47.19486,0
            -1.52949,47.19488,0
            -1.52962,47.19501,0
            -1.53043,47.196,0
            -1.53049,47.19606,0
            -1.53083,47.1965,0
            -1.53082,47.19662,0
            -1.53089,47.1969,0
            -1.5307,47.19688,0
            -1.52948,47.19658,0
            -1.52787,47.19624,0
            -1.52791,47.19612,0
            -1.52787,47.19624,0
            -1.52948,47.19658,0
            -1.5307,47.19688,0
            -1.53089,47.1969,0
            -1.531,47.19697,0
            -1.53103,47.19706,0
            -1.53092,47.19732,0
            -1.53089,47.19737,0
            -1.53088,47.19746,0
            -1.53084,47.19748,0
            -1.53082,47.19751,0
            -1.53082,47.19755,0
            -1.5307,47.19765,0
            -1.53063,47.19769,0
            -1.53056,47.19776,0
            -1.53041,47.19781,0
            -1.53025,47.19788,0
            -1.52994,47.19806,0
            -1.52893,47.19853,0
            -1.52892,47.19854,0
            -1.52873,47.19864,0
            -1.52862,47.19873,0
            -1.52856,47.19882,0
            -1.52853,47.19901,0
            -1.52853,47.1993,0
            -1.52848,47.19931,0
            -1.52843,47.19933,0
            -1.52838,47.19936,0
            -1.52794,47.19918,0
            -1.5277,47.19913,0
            -1.52648,47.1991,0
            -1.52582,47.19904,0
            -1.52582,47.19903,0
            -1.52581,47.19903,0
            -1.52581,47.19902,0
            -1.5258,47.19902,0
            -1.52579,47.19901,0
            -1.52578,47.19901,0
            -1.52578,47.199,0
            -1.52575,47.199,0
            -1.52575,47.19899,0
            -1.52566,47.19899,0
            -1.52566,47.199,0
            -1.52563,47.199,0
            -1.52563,47.19901,0
            -1.52561,47.19901,0
            -1.52561,47.19902,0
            -1.5256,47.19902,0
            -1.5256,47.19903,0
            -1.52559,47.19903,0
            -1.52559,47.19904,0
            -1.52558,47.19904,0
            -1.52558,47.19905,0
            -1.52557,47.19906,0
            -1.52557,47.19911,0
            -1.52558,47.19911,0
            -1.52558,47.19912,0
            -1.52561,47.19915,0
            -1.52562,47.19915,0
            -1.52563,47.19916,0
            -1.52565,47.19916,0
            -1.52565,47.19917,0
            -1.5257,47.19917,0
            -1.52592,47.19933,0
            -1.52615,47.19958,0
            -1.52651,47.2001,0
            -1.52659,47.20028,0
            -1.52727,47.20083,0
            -1.52816,47.20166,0
            -1.52844,47.20197,0
            -1.52871,47.20223,0
            -1.52887,47.20235,0
            -1.5289,47.20236,0
            -1.52914,47.20253,0
            -1.52935,47.20262,0
            -1.52945,47.20257,0
            -1.53034,47.20193,0
            -1.53047,47.20185,0
            -1.53054,47.20182,0
            -1.5306,47.20178,0
            -1.53061,47.20178,0
            -1.53098,47.20154,0
            -1.53144,47.20133,0
            -1.53191,47.20118,0
            -1.53192,47.20118,0
            -1.5321,47.20113,0
            -1.53268,47.20103,0
            -1.53276,47.201,0
            -1.53285,47.20098,0
            -1.53297,47.20093,0
            -1.53303,47.20092,0
            -1.53323,47.20083,0
            -1.53334,47.20075,0
            -1.53342,47.20075,0
            -1.53342,47.20074,0
            -1.53344,47.20074,0
            -1.53345,47.20073,0
            -1.53346,47.20073,0
            -1.53347,47.20072,0
            -1.53348,47.20072,0
            -1.53348,47.20071,0
            -1.53349,47.20071,0
            -1.53349,47.2007,0
            -1.5335,47.2007,0
            -1.5335,47.20068,0
            -1.53351,47.20067,0
            -1.53351,47.20064,0
            -1.5335,47.20064,0
            -1.5335,47.20062,0
            -1.53349,47.20062,0
            -1.53349,47.20061,0
            -1.53348,47.2006,0
            -1.53347,47.2006,0
            -1.53347,47.20059,0
            -1.53346,47.20059,0
            -1.53345,47.20058,0
            -1.53344,47.20058,0
            -1.53343,47.20057,0
            -1.5334,47.20057,0
            -1.53339,47.20056,0
            -1.53337,47.20056,0
            -1.5333,47.20051,0
            -1.53324,47.20048,0
            -1.5332,47.20044,0
            -1.53288,47.20004,0
            -1.53282,47.19998,0
            -1.53278,47.19992,0
            -1.53278,47.19991,0
            -1.53277,47.1999,0
            -1.5325,47.19978,0
            -1.5325,47.19972,0
            -1.53249,47.19972,0
            -1.53249,47.19971,0
            -1.53248,47.1997,0
            -1.53248,47.19969,0
            -1.53242,47.19963,0
            -1.53241,47.19963,0
            -1.5324,47.19962,0
            -1.53238,47.19962,0
            -1.53237,47.19961,0
            -1.53234,47.19961,0
            -1.53233,47.1996,0
            -1.53229,47.1996,0
            -1.53228,47.19961,0
            -1.53225,47.19961,0
            -1.53224,47.19962,0
            -1.53221,47.19962,0
            -1.53219,47.19964,0
            -1.53218,47.19964,0
            -1.53216,47.19966,0
            -1.53214,47.19967,0
            -1.53152,47.19973,0
            -1.53134,47.19977,0
            -1.53118,47.19975,0
            -1.53121,47.19957,0
          </coordinates>
        </LineString>
      </Placemark>
      <Placemark>
        <name>Rue Jean Baptiste Robert</name>
        <styleUrl>#icon-1899-DB4436-nodesc</styleUrl>
        <Point>
          <coordinates>
            -1.509085,47.2093767,0
          </coordinates>
        </Point>
      </Placemark>
      <Placemark>
        <name>Avenue de la Martellière</name>
        <styleUrl>#icon-1899-DB4436-nodesc</styleUrl>
        <Point>
          <coordinates>
            -1.5201719,47.1995595,0
          </coordinates>
        </Point>
      </Placemark>
      <Placemark>
        <name>Place Alfred Radigois</name>
        <styleUrl>#icon-1899-DB4436-nodesc</styleUrl>
        <Point>
          <coordinates>
            -1.5175567,47.1934306,0
          </coordinates>
        </Point>
      </Placemark>
      <Placemark>
        <name>Rue Ambroise Pierre Audouard</name>
        <styleUrl>#icon-1899-DB4436-nodesc</styleUrl>
        <Point>
          <coordinates>
            -1.5262211,47.1884141,0
          </coordinates>
        </Point>
      </Placemark>
      <Placemark>
        <name>Route de Vertou</name>
        <styleUrl>#icon-1899-DB4436-nodesc</styleUrl>
        <Point>
          <coordinates>
            -1.5278078,47.1864727,0
          </coordinates>
        </Point>
      </Placemark>
      <Placemark>
        <name>Route de Vertou</name>
        <styleUrl>#icon-1899-DB4436-nodesc</styleUrl>
        <Point>
          <coordinates>
            -1.532885,47.1900041,0
          </coordinates>
        </Point>
      </Placemark>
      <Placemark>
        <name>Rue de la Ripossière</name>
        <styleUrl>#icon-1899-DB4436-nodesc</styleUrl>
        <Point>
          <coordinates>
            -1.5343827,47.1920259,0
          </coordinates>
        </Point>
      </Placemark>
      <Placemark>
        <name>Rue Bonne Garde</name>
        <styleUrl>#icon-1899-DB4436-nodesc</styleUrl>
        <Point>
          <coordinates>
            -1.5279134,47.1961227,0
          </coordinates>
        </Point>
      </Placemark>
      <Placemark>
        <name>Rue de la Libération</name>
        <styleUrl>#icon-1899-DB4436-nodesc</styleUrl>
        <Point>
          <coordinates>
            -1.526677,47.200346,0
          </coordinates>
        </Point>
      </Placemark>
      <Placemark>
        <name>Route de Saint Sébastien</name>
        <styleUrl>#icon-1899-DB4436-nodesc</styleUrl>
        <Point>
          <coordinates>
            -1.5312099,47.1995689,0
          </coordinates>
        </Point>
      </Placemark>
    </Folder>
    <Folder>
      <name><![CDATA[Itinéraire de Rue des Hucasseries à Rue de l'Aviation]]></name>
      <Placemark>
        <name><![CDATA[Itinéraire de Rue des Hucasseries à Rue de l'Aviation]]></name>
        <styleUrl>#line-1267FF-5000-nodesc</styleUrl>
        <LineString>
          <tessellate>1</tessellate>
          <coordinates>
            -1.53454,47.17576,0
            -1.53427,47.17566,0
            -1.53427,47.17565,0
            -1.53428,47.17565,0
            -1.53428,47.17564,0
            -1.53427,47.17563,0
            -1.53427,47.17562,0
            -1.53426,47.17561,0
            -1.53426,47.1756,0
            -1.53425,47.1756,0
            -1.53424,47.17559,0
            -1.53423,47.17559,0
            -1.53423,47.17558,0
            -1.53419,47.17558,0
            -1.53419,47.17557,0
            -1.53414,47.17557,0
            -1.53413,47.17558,0
            -1.5341,47.17558,0
            -1.5341,47.17559,0
            -1.53408,47.17559,0
            -1.53407,47.1756,0
            -1.53406,47.1756,0
            -1.53406,47.17561,0
            -1.53405,47.17561,0
            -1.53405,47.17562,0
            -1.53404,47.17562,0
            -1.53404,47.17566,0
            -1.53405,47.17567,0
            -1.53405,47.17568,0
            -1.53406,47.17568,0
            -1.53389,47.17588,0
            -1.53383,47.17593,0
            -1.53381,47.17594,0
            -1.53365,47.17609,0
            -1.53357,47.17615,0
            -1.53291,47.17675,0
            -1.53181,47.17806,0
            -1.53155,47.17833,0
            -1.53125,47.17859,0
            -1.53105,47.17868,0
            -1.53097,47.17868,0
            -1.53066,47.17853,0
            -1.53044,47.17838,0
            -1.53002,47.17816,0
            -1.53001,47.17816,0
            -1.5298,47.17805,0
            -1.5297,47.17798,0
            -1.52968,47.17796,0
            -1.52964,47.17794,0
            -1.52958,47.17794,0
            -1.52949,47.17796,0
            -1.52938,47.17807,0
            -1.52907,47.17844,0
            -1.52887,47.17861,0
            -1.52867,47.17873,0
            -1.52851,47.1788,0
            -1.52837,47.17884,0
            -1.52837,47.17883,0
            -1.52835,47.17883,0
            -1.52835,47.17882,0
            -1.52832,47.17882,0
            -1.52832,47.17881,0
            -1.5283,47.17881,0
            -1.52822,47.17875,0
            -1.52811,47.17869,0
            -1.52789,47.17866,0
            -1.52725,47.17867,0
            -1.52676,47.17862,0
            -1.52673,47.17861,0
            -1.52639,47.17856,0
            -1.52487,47.17825,0
            -1.52435,47.17807,0
            -1.52434,47.17806,0
            -1.5243,47.17805,0
            -1.52423,47.17795,0
            -1.52423,47.17794,0
            -1.52424,47.17794,0
            -1.52424,47.17789,0
            -1.52423,47.17789,0
            -1.52423,47.17788,0
            -1.52422,47.17788,0
            -1.52422,47.17787,0
            -1.5242,47.17787,0
            -1.5242,47.17786,0
            -1.5241,47.17786,0
            -1.5241,47.17787,0
            -1.52409,47.17787,0
            -1.52408,47.17788,0
            -1.52407,47.17788,0
            -1.52407,47.1779,0
            -1.52406,47.1779,0
            -1.52406,47.17791,0
            -1.52379,47.17786,0
            -1.52243,47.17734,0
            -1.5224,47.17732,0
            -1.52198,47.17714,0
            -1.5224,47.17732,0
            -1.52243,47.17734,0
            -1.52379,47.17786,0
            -1.52406,47.17791,0
            -1.52406,47.17794,0
            -1.52407,47.17794,0
            -1.52407,47.17795,0
            -1.52408,47.17795,0
            -1.52408,47.17796,0
            -1.52409,47.17796,0
            -1.52409,47.17797,0
            -1.52411,47.17797,0
            -1.52412,47.17798,0
            -1.52418,47.17798,0
            -1.52419,47.17797,0
            -1.52421,47.17797,0
            -1.52421,47.17796,0
            -1.52422,47.17796,0
            -1.52422,47.17795,0
            -1.52423,47.17795,0
            -1.52423,47.17794,0
            -1.52424,47.17794,0
            -1.52424,47.17789,0
            -1.52423,47.17789,0
            -1.52423,47.17788,0
            -1.52422,47.17788,0
            -1.52422,47.17787,0
            -1.5242,47.17787,0
            -1.5242,47.17786,0
            -1.52415,47.17786,0
            -1.52412,47.17775,0
            -1.52413,47.17769,0
            -1.52416,47.17761,0
            -1.52465,47.17685,0
            -1.5247,47.17686,0
            -1.52474,47.17685,0
            -1.52477,47.17683,0
            -1.52477,47.17681,0
            -1.52476,47.17678,0
            -1.52473,47.17676,0
            -1.52465,47.17676,0
            -1.52463,47.17672,0
            -1.52461,47.17662,0
            -1.52462,47.17653,0
            -1.52466,47.17643,0
            -1.52473,47.17631,0
            -1.52489,47.17611,0
            -1.52539,47.17538,0
            -1.52548,47.17521,0
            -1.52552,47.17511,0
            -1.52552,47.17504,0
            -1.5255,47.17498,0
            -1.52534,47.17478,0
            -1.52534,47.17477,0
            -1.52528,47.1746,0
            -1.52528,47.17459,0
            -1.52527,47.17458,0
            -1.52517,47.17414,0
            -1.5251,47.17365,0
            -1.52481,47.17265,0
            -1.5248,47.17264,0
            -1.52471,47.1723,0
            -1.52472,47.17224,0
            -1.52472,47.17217,0
            -1.52474,47.17212,0
            -1.52474,47.1721,0
            -1.5248,47.17203,0
            -1.52546,47.1716,0
            -1.52566,47.17145,0
            -1.52695,47.17026,0
            -1.52464,47.16961,0
            -1.52453,47.16955,0
            -1.5245,47.16951,0
            -1.52446,47.16943,0
            -1.52449,47.16929,0
            -1.52457,47.16919,0
            -1.52459,47.16918,0
            -1.52487,47.1689,0
            -1.52497,47.16878,0
            -1.52508,47.16857,0
            -1.5251,47.16855,0
            -1.52519,47.16836,0
            -1.52534,47.16814,0
            -1.52546,47.16801,0
            -1.52554,47.16794,0
            -1.52561,47.1679,0
            -1.52564,47.16787,0
            -1.52568,47.16788,0
            -1.52572,47.16788,0
            -1.5258,47.16784,0
            -1.52579,47.16779,0
            -1.52577,47.16775,0
            -1.52578,47.1677,0
            -1.52578,47.16762,0
            -1.52581,47.16737,0
            -1.52579,47.1671,0
            -1.5258,47.16698,0
            -1.52584,47.16698,0
            -1.52589,47.16696,0
            -1.5259,47.16695,0
            -1.52591,47.16693,0
            -1.5259,47.16691,0
            -1.52702,47.16664,0
            -1.52728,47.16662,0
            -1.52849,47.16666,0
            -1.52876,47.1667,0
            -1.52899,47.16677,0
            -1.52949,47.16687,0
            -1.52952,47.16687,0
            -1.52955,47.16688,0
            -1.52981,47.16688,0
            -1.53024,47.16683,0
            -1.53066,47.16673,0
            -1.53082,47.16667,0
            -1.53071,47.16641,0
            -1.53053,47.16617,0
            -1.53053,47.16616,0
            -1.53043,47.16598,0
            -1.53037,47.16575,0
            -1.53036,47.16565,0
            -1.53035,47.16563,0
            -1.53032,47.1655,0
            -1.53025,47.16537,0
            -1.53001,47.16505,0
            -1.52974,47.16475,0
            -1.52951,47.16453,0
            -1.52855,47.16387,0
            -1.52951,47.16453,0
            -1.52974,47.16475,0
            -1.53001,47.16505,0
            -1.53025,47.16537,0
            -1.53032,47.1655,0
            -1.53035,47.16563,0
            -1.53036,47.16565,0
            -1.53037,47.16575,0
            -1.53043,47.16598,0
            -1.53053,47.16616,0
            -1.53053,47.16617,0
            -1.53071,47.16641,0
            -1.53082,47.16667,0
            -1.5321,47.16617,0
            -1.53246,47.16608,0
            -1.53285,47.16603,0
            -1.53299,47.16599,0
            -1.53316,47.16591,0
            -1.53329,47.1658,0
            -1.53362,47.16532,0
            -1.53363,47.16532,0
            -1.53369,47.16523,0
            -1.53382,47.16511,0
            -1.53372,47.16508,0
            -1.53382,47.16511,0
            -1.53423,47.16498,0
            -1.53443,47.16488,0
            -1.53473,47.16465,0
            -1.53511,47.1643,0
            -1.53535,47.16438,0
            -1.53625,47.16477,0
            -1.53691,47.16497,0
            -1.53734,47.16505,0
            -1.53916,47.16525,0
            -1.53925,47.16529,0
            -1.53931,47.16525,0
            -1.53944,47.1652,0
            -1.53965,47.16516,0
            -1.53995,47.16506,0
            -1.53999,47.16507,0
            -1.54002,47.16507,0
            -1.54009,47.16505,0
            -1.54011,47.16503,0
            -1.54012,47.16501,0
            -1.5405,47.16504,0
            -1.54195,47.16497,0
            -1.54248,47.16497,0
            -1.54263,47.16589,0
            -1.5426,47.16592,0
            -1.54259,47.16592,0
            -1.54255,47.16596,0
            -1.54255,47.16598,0
            -1.54254,47.16599,0
            -1.54254,47.16604,0
            -1.54255,47.16605,0
            -1.54255,47.16607,0
            -1.5426,47.16612,0
            -1.54261,47.16612,0
            -1.54261,47.16613,0
            -1.54263,47.16614,0
            -1.54264,47.16614,0
            -1.54265,47.16615,0
            -1.54266,47.16615,0
            -1.54268,47.16616,0
            -1.54272,47.16616,0
            -1.54273,47.16617,0
            -1.54279,47.16617,0
            -1.54281,47.16616,0
            -1.54284,47.16616,0
            -1.54285,47.16615,0
            -1.54288,47.16615,0
            -1.5429,47.16614,0
            -1.54291,47.16613,0
            -1.54292,47.16613,0
            -1.54295,47.1661,0
            -1.54295,47.16609,0
            -1.54296,47.16609,0
            -1.54297,47.16608,0
            -1.54298,47.16606,0
            -1.54307,47.16603,0
            -1.54326,47.16599,0
            -1.54522,47.16581,0
            -1.54577,47.16583,0
            -1.54585,47.16581,0
            -1.54772,47.16615,0
            -1.54771,47.1662,0
            -1.54776,47.16625,0
            -1.54787,47.16628,0
            -1.54797,47.16626,0
            -1.54801,47.16624,0
            -1.54803,47.16621,0
            -1.54931,47.16646,0
            -1.54931,47.16647,0
            -1.54932,47.16648,0
            -1.54932,47.16649,0
            -1.54933,47.1665,0
            -1.54934,47.1665,0
            -1.54934,47.16651,0
            -1.54936,47.16651,0
            -1.54936,47.16652,0
            -1.54938,47.16652,0
            -1.54939,47.16653,0
            -1.54944,47.16653,0
            -1.54944,47.16652,0
            -1.54947,47.16652,0
            -1.54948,47.16651,0
            -1.54949,47.16651,0
            -1.54949,47.1665,0
            -1.5495,47.1665,0
            -1.5495,47.16649,0
            -1.54951,47.16649,0
            -1.54951,47.16648,0
            -1.54952,47.16647,0
            -1.54952,47.16644,0
            -1.54951,47.16644,0
            -1.54951,47.16642,0
            -1.5495,47.16642,0
            -1.5495,47.16641,0
            -1.54949,47.16641,0
            -1.54948,47.1664,0
            -1.54947,47.1664,0
            -1.54946,47.16639,0
            -1.54944,47.16639,0
            -1.54947,47.166,0
            -1.54963,47.16598,0
            -1.54973,47.16595,0
            -1.54994,47.1658,0
            -1.55084,47.16533,0
            -1.55199,47.16458,0
            -1.55263,47.16406,0
            -1.55297,47.16386,0
            -1.55382,47.16346,0
            -1.55395,47.16349,0
            -1.55398,47.16349,0
            -1.55412,47.16339,0
            -1.55396,47.16333,0
            -1.55418,47.16308,0
            -1.55453,47.16243,0
            -1.55456,47.16235,0
            -1.55472,47.16207,0
            -1.55489,47.16167,0
            -1.55496,47.16157,0
            -1.55512,47.16139,0
            -1.55515,47.16139,0
            -1.55517,47.16138,0
            -1.55521,47.16134,0
            -1.55521,47.16133,0
            -1.55522,47.16132,0
            -1.55522,47.1613,0
            -1.5552,47.16126,0
            -1.55518,47.16124,0
            -1.55523,47.16107,0
            -1.5553,47.16094,0
            -1.55531,47.16091,0
            -1.55533,47.16089,0
            -1.55535,47.16085,0
            -1.55535,47.16083,0
            -1.55536,47.16081,0
            -1.55537,47.16081,0
            -1.55538,47.16077,0
            -1.55541,47.16071,0
            -1.55542,47.1607,0
            -1.55552,47.16049,0
            -1.55564,47.16035,0
            -1.55575,47.16025,0
            -1.5558,47.16025,0
            -1.55581,47.16024,0
            -1.55583,47.16024,0
            -1.55585,47.16023,0
            -1.55586,47.16023,0
            -1.55587,47.16022,0
            -1.55588,47.16022,0
            -1.55593,47.16017,0
            -1.55593,47.16016,0
            -1.55594,47.16015,0
            -1.55594,47.16013,0
            -1.55595,47.16013,0
            -1.55595,47.16009,0
            -1.55594,47.16008,0
            -1.55594,47.16006,0
            -1.55593,47.16005,0
            -1.55593,47.16004,0
            -1.55592,47.16004,0
            -1.5559,47.16002,0
            -1.5559,47.16001,0
            -1.55588,47.16,0
            -1.55592,47.15989,0
            -1.55592,47.15988,0
            -1.55599,47.15963,0
            -1.55659,47.1585,0
            -1.55662,47.15846,0
            -1.55683,47.15805,0
            -1.55686,47.15801,0
            -1.55789,47.15614,0
            -1.55813,47.15563,0
            -1.55815,47.15561,0
            -1.55819,47.15553,0
            -1.5582,47.15546,0
            -1.55828,47.15534,0
            -1.55881,47.15404,0
            -1.55892,47.1541,0
            -1.55901,47.15419,0
            -1.55902,47.15421,0
            -1.55904,47.15422,0
            -1.55907,47.15422,0
            -1.55914,47.15433,0
            -1.56037,47.15587,0
            -1.56072,47.15577,0
            -1.56087,47.15575,0
            -1.56098,47.15575,0
            -1.56113,47.15577,0
            -1.56131,47.15582,0
            -1.56219,47.15619,0
            -1.56223,47.1562,0
            -1.56228,47.15623,0
            -1.56281,47.15645,0
            -1.56296,47.15654,0
            -1.56301,47.1566,0
            -1.56309,47.15675,0
            -1.56315,47.15681,0
            -1.56322,47.15685,0
            -1.56381,47.15696,0
            -1.56396,47.15703,0
            -1.56443,47.15733,0
            -1.56458,47.15739,0
            -1.56486,47.15743,0
            -1.56496,47.15743,0
            -1.56518,47.1574,0
            -1.56647,47.15703,0
            -1.56684,47.15698,0
            -1.56707,47.15698,0
            -1.56863,47.15719,0
            -1.56884,47.15724,0
            -1.56921,47.15737,0
            -1.57257,47.15905,0
            -1.57298,47.15929,0
            -1.57326,47.15948,0
            -1.57355,47.15975,0
            -1.57364,47.15992,0
            -1.57378,47.1603,0
            -1.57381,47.16044,0
            -1.57382,47.16069,0
            -1.57374,47.16105,0
            -1.57353,47.16166,0
            -1.57375,47.16168,0
            -1.57379,47.16169,0
            -1.57432,47.16172,0
            -1.57519,47.16172,0
            -1.5753,47.16173,0
            -1.57545,47.16176,0
            -1.57574,47.16187,0
            -1.57625,47.16214,0
            -1.57655,47.16236,0
            -1.57684,47.16267,0
            -1.57698,47.16279,0
            -1.57796,47.16344,0
            -1.57819,47.16357,0
            -1.5782,47.16358,0
            -1.57828,47.16375,0
            -1.57895,47.16462,0
            -1.58015,47.16582,0
            -1.58029,47.166,0
            -1.58033,47.1661,0
            -1.58055,47.16638,0
            -1.58169,47.16552,0
            -1.58171,47.16551,0
            -1.58323,47.16435,0
            -1.58324,47.16435,0
            -1.58437,47.16346,0
            -1.58441,47.16346,0
            -1.58443,47.16345,0
            -1.58445,47.16343,0
            -1.58495,47.16311,0
            -1.58496,47.16311,0
            -1.58496,47.16312,0
            -1.58502,47.16312,0
            -1.58502,47.16311,0
            -1.58505,47.16311,0
            -1.58505,47.1631,0
            -1.58506,47.1631,0
            -1.58506,47.16309,0
            -1.58507,47.16309,0
            -1.58508,47.16308,0
            -1.58508,47.16307,0
            -1.58509,47.16306,0
            -1.58509,47.16305,0
            -1.58508,47.16305,0
            -1.58508,47.16303,0
            -1.58507,47.16302,0
            -1.58516,47.16295,0
            -1.58521,47.16295,0
            -1.58522,47.16294,0
            -1.58524,47.16294,0
            -1.58524,47.16293,0
            -1.58525,47.16293,0
            -1.58525,47.16292,0
            -1.58526,47.16292,0
            -1.58526,47.16291,0
            -1.58527,47.16291,0
            -1.58527,47.16286,0
            -1.58548,47.16267,0
            -1.5865,47.16189,0
            -1.58653,47.16186,0
            -1.58653,47.16183,0
            -1.58742,47.16115,0
          </coordinates>
        </LineString>
      </Placemark>
      <Placemark>
        <name>Rue des Hucasseries</name>
        <styleUrl>#icon-1899-DB4436-nodesc</styleUrl>
        <Point>
          <coordinates>
            -1.5345419,47.1757596,0
          </coordinates>
        </Point>
      </Placemark>
      <Placemark>
        <name>Rue de la Vallée</name>
        <styleUrl>#icon-1899-DB4436-nodesc</styleUrl>
        <Point>
          <coordinates>
            -1.5219812,47.1771404,0
          </coordinates>
        </Point>
      </Placemark>
      <Placemark>
        <name>Rue de la Maillardière</name>
        <styleUrl>#icon-1899-DB4436-nodesc</styleUrl>
        <Point>
          <coordinates>
            -1.5256069,47.1678951,0
          </coordinates>
        </Point>
      </Placemark>
      <Placemark>
        <name>Rue des Poyaux</name>
        <styleUrl>#icon-1899-DB4436-nodesc</styleUrl>
        <Point>
          <coordinates>
            -1.5285457,47.1638736,0
          </coordinates>
        </Point>
      </Placemark>
      <Placemark>
        <name>Rue de la Robinière</name>
        <styleUrl>#icon-1899-DB4436-nodesc</styleUrl>
        <Point>
          <coordinates>
            -1.5337164,47.165079,0
          </coordinates>
        </Point>
      </Placemark>
      <Placemark>
        <name>Rue du Vivier</name>
        <styleUrl>#icon-1899-DB4436-nodesc</styleUrl>
        <Point>
          <coordinates>
            -1.5422759,47.1649692,0
          </coordinates>
        </Point>
      </Placemark>
      <Placemark>
        <name>Rue de la Gourdonnière</name>
        <styleUrl>#icon-1899-DB4436-nodesc</styleUrl>
        <Point>
          <coordinates>
            -1.5539489,47.1634887,0
          </coordinates>
        </Point>
      </Placemark>
      <Placemark>
        <name>Rue des Drouards</name>
        <styleUrl>#icon-1899-DB4436-nodesc</styleUrl>
        <Point>
          <coordinates>
            -1.5681199,47.1571054,0
          </coordinates>
        </Point>
      </Placemark>
      <Placemark>
        <name>Rue de Galheur</name>
        <styleUrl>#icon-1899-DB4436-nodesc</styleUrl>
        <Point>
          <coordinates>
            -1.5783694,47.1638631,0
          </coordinates>
        </Point>
      </Placemark>
      <Placemark>
        <name><![CDATA[Rue de l'Aviation]]></name>
        <styleUrl>#icon-1899-DB4436-nodesc</styleUrl>
        <Point>
          <coordinates>
            -1.5874217,47.1611485,0
          </coordinates>
        </Point>
      </Placemark>
    </Folder>
    <Folder>
      <name>Itinéraire de Rue Charles Lindbergh à Route des Ecobuts</name>
      <Placemark>
        <name>Itinéraire de Rue Charles Lindbergh à Route des Ecobuts</name>
        <styleUrl>#line-1267FF-5000-nodesc</styleUrl>
        <LineString>
          <tessellate>1</tessellate>
          <coordinates>
            -1.59834,47.15506,0
            -1.59836,47.15499,0
            -1.5988,47.15418,0
            -1.59887,47.15402,0
            -1.599,47.15385,0
            -1.59919,47.15372,0
            -1.59926,47.15362,0
            -1.59932,47.15355,0
            -1.59942,47.15338,0
            -1.59952,47.15318,0
            -1.5997,47.15288,0
            -1.59975,47.15284,0
            -1.59985,47.15268,0
            -1.59999,47.15255,0
            -1.60001,47.15255,0
            -1.60002,47.15254,0
            -1.60004,47.15254,0
            -1.60005,47.15253,0
            -1.60006,47.15253,0
            -1.60007,47.15252,0
            -1.60008,47.15252,0
            -1.60008,47.15251,0
            -1.60009,47.15251,0
            -1.60009,47.1525,0
            -1.6001,47.1525,0
            -1.6001,47.15249,0
            -1.60011,47.15249,0
            -1.60011,47.15248,0
            -1.60012,47.15247,0
            -1.60012,47.15246,0
            -1.60013,47.15245,0
            -1.60013,47.15242,0
            -1.60012,47.15242,0
            -1.60012,47.1524,0
            -1.60011,47.1524,0
            -1.60011,47.15239,0
            -1.60009,47.15237,0
            -1.60008,47.15237,0
            -1.60012,47.15225,0
            -1.60014,47.15222,0
            -1.60015,47.15219,0
            -1.60017,47.15216,0
            -1.60021,47.15207,0
            -1.60033,47.15185,0
            -1.60034,47.15184,0
            -1.60034,47.15183,0
            -1.60033,47.15179,0
            -1.60057,47.15135,0
            -1.60123,47.15025,0
            -1.60123,47.15024,0
            -1.60144,47.14989,0
            -1.60161,47.14957,0
            -1.60173,47.14946,0
            -1.60179,47.14936,0
            -1.60182,47.14936,0
            -1.60182,47.14935,0
            -1.60184,47.14935,0
            -1.60185,47.14934,0
            -1.60186,47.14934,0
            -1.60186,47.14933,0
            -1.60187,47.14933,0
            -1.60189,47.14931,0
            -1.60189,47.14925,0
            -1.60188,47.14925,0
            -1.60188,47.14924,0
            -1.60187,47.14924,0
            -1.60187,47.14923,0
            -1.60186,47.14923,0
            -1.60195,47.14907,0
            -1.60196,47.14897,0
            -1.60206,47.14878,0
            -1.60209,47.14874,0
            -1.60211,47.14869,0
            -1.60393,47.14538,0
            -1.60398,47.14533,0
            -1.604,47.1453,0
            -1.6041,47.14509,0
            -1.60412,47.14506,0
            -1.60412,47.14504,0
            -1.60417,47.14496,0
            -1.6042,47.14494,0
            -1.60423,47.1449,0
            -1.60427,47.1449,0
            -1.60428,47.14489,0
            -1.6043,47.14489,0
            -1.60432,47.14487,0
            -1.60433,47.14487,0
            -1.60434,47.14486,0
            -1.60438,47.14484,0
            -1.6044,47.14482,0
            -1.60442,47.14477,0
            -1.60442,47.1447,0
            -1.60447,47.1446,0
            -1.60448,47.14456,0
            -1.60454,47.14448,0
            -1.60454,47.14447,0
            -1.60457,47.14443,0
            -1.60464,47.14431,0
            -1.60543,47.14341,0
            -1.60567,47.14311,0
            -1.60571,47.14307,0
            -1.60604,47.14263,0
            -1.60669,47.14166,0
            -1.60681,47.1415,0
            -1.60706,47.14124,0
            -1.60711,47.1412,0
            -1.60734,47.14098,0
            -1.60742,47.14088,0
            -1.60755,47.1409,0
            -1.6077,47.1409,0
            -1.60779,47.14089,0
            -1.60827,47.1408,0
            -1.60862,47.14076,0
            -1.60873,47.14076,0
            -1.60898,47.14084,0
            -1.60918,47.14094,0
            -1.60936,47.14101,0
            -1.60952,47.14105,0
            -1.61046,47.14118,0
            -1.61049,47.14119,0
            -1.61082,47.1412,0
            -1.61094,47.14119,0
            -1.61119,47.14112,0
            -1.61142,47.141,0
            -1.61204,47.14064,0
            -1.61228,47.14052,0
            -1.61256,47.14042,0
            -1.61312,47.14027,0
            -1.61344,47.14021,0
            -1.61361,47.14016,0
            -1.61372,47.1401,0
            -1.61376,47.14007,0
            -1.61382,47.14004,0
            -1.61386,47.14,0
            -1.61388,47.13999,0
            -1.61389,47.13997,0
            -1.61397,47.13988,0
            -1.61399,47.13984,0
            -1.61404,47.13979,0
            -1.61407,47.13972,0
            -1.6142,47.13957,0
            -1.61437,47.13945,0
            -1.61443,47.13939,0
            -1.61457,47.13931,0
            -1.61468,47.13921,0
            -1.61479,47.13914,0
            -1.61481,47.13912,0
            -1.61492,47.13906,0
            -1.61493,47.13904,0
            -1.61551,47.13865,0
            -1.61574,47.13847,0
            -1.61646,47.13798,0
            -1.61682,47.13768,0
            -1.61737,47.13713,0
            -1.61759,47.13684,0
            -1.61771,47.13665,0
            -1.61782,47.13643,0
            -1.61813,47.13572,0
            -1.61803,47.1357,0
            -1.61795,47.13567,0
            -1.61731,47.13526,0
            -1.61583,47.13456,0
            -1.6158,47.13454,0
            -1.61575,47.13452,0
            -1.61381,47.13339,0
            -1.6135,47.13324,0
            -1.61358,47.13312,0
            -1.6139,47.13254,0
            -1.61393,47.13245,0
            -1.61393,47.13238,0
            -1.61408,47.13202,0
            -1.6144,47.13136,0
            -1.61453,47.13114,0
            -1.61541,47.12998,0
            -1.61545,47.1299,0
            -1.61553,47.12984,0
            -1.61554,47.12978,0
            -1.61556,47.12972,0
            -1.61558,47.12972,0
            -1.61558,47.12971,0
            -1.6156,47.12971,0
            -1.6156,47.1297,0
            -1.61561,47.1297,0
            -1.61561,47.12969,0
            -1.61562,47.12969,0
            -1.61562,47.12966,0
            -1.61572,47.12949,0
            -1.61574,47.12947,0
            -1.61574,47.12946,0
            -1.61575,47.12945,0
            -1.61638,47.12842,0
            -1.61659,47.12819,0
            -1.6167,47.12792,0
            -1.6167,47.12788,0
            -1.61672,47.12784,0
            -1.61696,47.12747,0
            -1.61703,47.12741,0
            -1.6171,47.12733,0
            -1.61712,47.12732,0
            -1.61724,47.1272,0
            -1.61735,47.12703,0
            -1.61738,47.12696,0
            -1.61779,47.12645,0
            -1.61782,47.12642,0
            -1.61797,47.12621,0
            -1.61809,47.12599,0
            -1.61828,47.12555,0
            -1.6184,47.12521,0
            -1.61862,47.12472,0
            -1.61862,47.1247,0
            -1.61868,47.12456,0
            -1.61864,47.12441,0
            -1.61864,47.1244,0
            -1.61865,47.1244,0
            -1.61865,47.12439,0
            -1.61866,47.12439,0
            -1.61866,47.12433,0
            -1.61865,47.12433,0
            -1.61865,47.12432,0
            -1.61864,47.12432,0
            -1.61864,47.12431,0
            -1.61863,47.12431,0
            -1.61863,47.1243,0
            -1.61861,47.1243,0
            -1.61861,47.12429,0
            -1.61857,47.12429,0
            -1.61857,47.12428,0
            -1.61853,47.12428,0
            -1.61852,47.12429,0
            -1.61849,47.12429,0
            -1.61849,47.1243,0
            -1.61847,47.1243,0
            -1.61847,47.12431,0
            -1.61846,47.12431,0
            -1.61846,47.12432,0
            -1.61845,47.12432,0
            -1.61845,47.12433,0
            -1.61828,47.12435,0
            -1.61808,47.12439,0
            -1.61804,47.12441,0
            -1.61778,47.12449,0
            -1.61736,47.12459,0
            -1.6168,47.12475,0
            -1.61635,47.1248,0
            -1.61583,47.12477,0
            -1.6158,47.12476,0
            -1.61481,47.12465,0
            -1.61475,47.12465,0
            -1.6147,47.12464,0
            -1.61463,47.12464,0
            -1.61442,47.12462,0
            -1.61438,47.12461,0
            -1.61417,47.12459,0
            -1.61401,47.12456,0
            -1.6138,47.12454,0
            -1.61391,47.12438,0
            -1.61399,47.12423,0
            -1.614,47.12422,0
            -1.614,47.12421,0
            -1.61411,47.12402,0
            -1.61412,47.12401,0
            -1.61422,47.12378,0
            -1.61429,47.12355,0
            -1.6143,47.12345,0
            -1.61434,47.12331,0
            -1.61434,47.1233,0
            -1.61452,47.12267,0
            -1.61462,47.12218,0
            -1.61462,47.12196,0
            -1.61463,47.12192,0
            -1.61505,47.12131,0
            -1.61537,47.12077,0
            -1.61628,47.12083,0
            -1.61662,47.12083,0
            -1.61672,47.12081,0
            -1.61677,47.12079,0
            -1.6172,47.12067,0
            -1.61741,47.12067,0
            -1.61756,47.12069,0
            -1.61768,47.12072,0
            -1.61781,47.12078,0
            -1.61782,47.12078,0
            -1.61795,47.12085,0
            -1.61809,47.12095,0
            -1.61815,47.12102,0
            -1.61818,47.12108,0
            -1.61821,47.12116,0
            -1.61857,47.12255,0
            -1.61857,47.12263,0
            -1.61855,47.12272,0
            -1.61848,47.12287,0
            -1.61835,47.1231,0
            -1.61834,47.12316,0
            -1.61834,47.12322,0
            -1.61836,47.12334,0
            -1.61872,47.12404,0
            -1.61881,47.12419,0
            -1.6186,47.12429,0
            -1.61857,47.12429,0
            -1.61857,47.12428,0
            -1.61853,47.12428,0
            -1.61852,47.12429,0
            -1.61849,47.12429,0
            -1.61849,47.1243,0
            -1.61847,47.1243,0
            -1.61847,47.12431,0
            -1.61846,47.12431,0
            -1.61846,47.12432,0
            -1.61845,47.12432,0
            -1.61845,47.12433,0
            -1.61844,47.12433,0
            -1.61844,47.12439,0
            -1.61845,47.12439,0
            -1.61845,47.1244,0
            -1.61846,47.1244,0
            -1.61846,47.12441,0
            -1.61847,47.12441,0
            -1.61847,47.12442,0
            -1.61848,47.12442,0
            -1.61849,47.12443,0
            -1.61852,47.12443,0
            -1.61852,47.12444,0
            -1.61858,47.12444,0
            -1.61858,47.12443,0
            -1.61861,47.12443,0
            -1.61861,47.12442,0
            -1.61863,47.12442,0
            -1.61863,47.12441,0
            -1.61864,47.12441,0
            -1.61864,47.1244,0
            -1.61865,47.1244,0
            -1.61865,47.12439,0
            -1.61866,47.12439,0
            -1.61866,47.12435,0
            -1.61884,47.12423,0
            -1.61889,47.12422,0
            -1.61893,47.1242,0
            -1.61899,47.12418,0
            -1.61908,47.12416,0
            -1.61912,47.12414,0
            -1.61983,47.12395,0
            -1.62022,47.12387,0
            -1.62049,47.12384,0
            -1.6208,47.12384,0
            -1.62114,47.12388,0
            -1.62157,47.12399,0
            -1.6218,47.12408,0
            -1.62205,47.1242,0
            -1.62286,47.12474,0
            -1.62319,47.12494,0
            -1.6232,47.12494,0
            -1.62344,47.12507,0
            -1.62376,47.12521,0
            -1.62402,47.1253,0
            -1.62411,47.12534,0
            -1.62413,47.12534,0
            -1.62448,47.12545,0
            -1.62494,47.12556,0
            -1.62582,47.12572,0
            -1.62621,47.12583,0
            -1.62646,47.12593,0
            -1.6273,47.12635,0
            -1.6276,47.12648,0
            -1.62763,47.12651,0
            -1.62781,47.12663,0
            -1.62785,47.12665,0
            -1.62786,47.12666,0
            -1.62787,47.12666,0
            -1.62789,47.12667,0
            -1.62793,47.12668,0
            -1.62793,47.1267,0
            -1.62797,47.12674,0
            -1.62799,47.12675,0
            -1.62801,47.12675,0
            -1.62803,47.12676,0
            -1.62804,47.12675,0
            -1.62808,47.12675,0
            -1.62809,47.12674,0
            -1.6282,47.12679,0
            -1.62847,47.12689,0
            -1.6286,47.12692,0
            -1.62894,47.12705,0
            -1.62907,47.12711,0
            -1.63406,47.12901,0
            -1.63412,47.12904,0
            -1.6347,47.12926,0
            -1.63479,47.12933,0
            -1.63544,47.12957,0
            -1.63569,47.12931,0
            -1.63645,47.1284,0
            -1.63655,47.12826,0
            -1.63681,47.12799,0
            -1.63702,47.12786,0
            -1.63718,47.12778,0
            -1.63734,47.12773,0
            -1.63735,47.12773,0
            -1.63743,47.1277,0
            -1.64048,47.12692,0
            -1.64064,47.12689,0
            -1.64072,47.12696,0
            -1.6408,47.12701,0
            -1.641,47.12703,0
            -1.64108,47.127,0
            -1.64124,47.12706,0
            -1.64222,47.12752,0
            -1.64226,47.12757,0
            -1.64228,47.12762,0
            -1.64227,47.12769,0
            -1.64225,47.12777,0
            -1.64215,47.128,0
            -1.6421,47.12814,0
            -1.64208,47.12816,0
            -1.64195,47.12847,0
            -1.64195,47.12853,0
            -1.64196,47.12858,0
            -1.64207,47.12888,0
            -1.64213,47.12901,0
            -1.64177,47.12908,0
            -1.64174,47.12909,0
            -1.64162,47.1291,0
            -1.64151,47.1291,0
            -1.64139,47.12909,0
            -1.64082,47.12898,0
            -1.64073,47.12897,0
            -1.63899,47.12864,0
            -1.63873,47.12862,0
            -1.63862,47.12862,0
            -1.63717,47.12876,0
            -1.63679,47.12884,0
            -1.63675,47.12884,0
            -1.63667,47.12885,0
            -1.63656,47.12885,0
            -1.63628,47.12882,0
            -1.63614,47.12878,0
            -1.63569,47.12931,0
            -1.63544,47.12957,0
            -1.6362,47.12987,0
            -1.63635,47.12992,0
            -1.63637,47.12993,0
            -1.63658,47.13,0
            -1.63684,47.13013,0
            -1.63686,47.13013,0
            -1.63691,47.13014,0
            -1.63788,47.13061,0
            -1.63829,47.13079,0
            -1.63958,47.13128,0
            -1.63963,47.13131,0
            -1.64007,47.13148,0
            -1.64014,47.1315,0
            -1.64049,47.13164,0
            -1.6405,47.13164,0
            -1.64068,47.13173,0
            -1.64069,47.13173,0
            -1.64194,47.13227,0
            -1.64223,47.13242,0
            -1.64255,47.13255,0
            -1.64256,47.13256,0
            -1.64295,47.13274,0
            -1.6432,47.13285,0
            -1.64325,47.13288,0
            -1.64331,47.1329,0
            -1.6449,47.13366,0
            -1.64497,47.13368,0
            -1.64503,47.13371,0
            -1.64524,47.13378,0
            -1.64526,47.13379,0
            -1.64549,47.13385,0
            -1.6455,47.13385,0
            -1.64564,47.13389,0
            -1.64612,47.13398,0
            -1.64564,47.13389,0
            -1.6455,47.13385,0
            -1.64549,47.13385,0
            -1.64526,47.13379,0
            -1.64524,47.13378,0
            -1.64503,47.13371,0
            -1.64497,47.13368,0
            -1.6449,47.13366,0
            -1.64331,47.1329,0
            -1.64325,47.13288,0
            -1.6432,47.13285,0
            -1.64303,47.13277,0
            -1.64295,47.13274,0
            -1.64256,47.13256,0
            -1.64255,47.13255,0
            -1.64223,47.13242,0
            -1.64194,47.13227,0
            -1.64189,47.13232,0
            -1.6418,47.13237,0
            -1.64175,47.13239,0
            -1.64144,47.13255,0
            -1.64117,47.13265,0
            -1.64093,47.1327,0
            -1.63983,47.13284,0
            -1.63968,47.13294,0
            -1.63954,47.133,0
            -1.63917,47.13305,0
            -1.63792,47.13315,0
            -1.63753,47.13315,0
            -1.63721,47.13313,0
            -1.63574,47.13311,0
            -1.63565,47.13312,0
            -1.63557,47.13312,0
            -1.63503,47.1332,0
            -1.63476,47.13326,0
            -1.63473,47.13326,0
            -1.63469,47.13327,0
            -1.63459,47.13327,0
            -1.63441,47.13324,0
            -1.63287,47.13274,0
            -1.63275,47.13271,0
            -1.63224,47.13444,0
            -1.63223,47.13445,0
            -1.63213,47.13479,0
            -1.63211,47.13484,0
            -1.63208,47.13497,0
            -1.63192,47.13545,0
            -1.63188,47.13552,0
            -1.63185,47.13561,0
            -1.63163,47.136,0
            -1.63145,47.13628,0
            -1.63139,47.13635,0
            -1.63099,47.13696,0
            -1.63093,47.13709,0
            -1.63089,47.13715,0
            -1.6308,47.13732,0
            -1.63074,47.13748,0
            -1.63073,47.13749,0
            -1.63055,47.13862,0
            -1.63049,47.1389,0
            -1.63041,47.13913,0
            -1.63035,47.13925,0
            -1.63034,47.13929,0
            -1.62998,47.13992,0
            -1.62996,47.13998,0
            -1.62991,47.14006,0
            -1.62979,47.14038,0
            -1.62975,47.14058,0
            -1.62975,47.14063,0
            -1.62974,47.14068,0
            -1.62974,47.14079,0
            -1.62975,47.14084,0
            -1.62975,47.14089,0
            -1.62977,47.14103,0
            -1.62988,47.14134,0
            -1.63038,47.14233,0
            -1.63044,47.14243,0
            -1.63114,47.14381,0
          </coordinates>
        </LineString>
      </Placemark>
      <Placemark>
        <name>Rue Charles Lindbergh</name>
        <styleUrl>#icon-1899-DB4436-nodesc</styleUrl>
        <Point>
          <coordinates>
            -1.5983398,47.155055,0
          </coordinates>
        </Point>
      </Placemark>
      <Placemark>
        <name>Route de la Blanchardais</name>
        <styleUrl>#icon-1899-DB4436-nodesc</styleUrl>
        <Point>
          <coordinates>
            -1.613892,47.1399681,0
          </coordinates>
        </Point>
      </Placemark>
      <Placemark>
        <name>Route du Champ de Foire</name>
        <styleUrl>#icon-1899-DB4436-nodesc</styleUrl>
        <Point>
          <coordinates>
            -1.6186164,47.124721,0
          </coordinates>
        </Point>
      </Placemark>
      <Placemark>
        <name><![CDATA[Route de l'Halbrandière]]></name>
        <styleUrl>#icon-1899-DB4436-nodesc</styleUrl>
        <Point>
          <coordinates>
            -1.6178207,47.120781,0
          </coordinates>
        </Point>
      </Placemark>
      <Placemark>
        <name>Route de la Gendronnerie</name>
        <styleUrl>#icon-1899-DB4436-nodesc</styleUrl>
        <Point>
          <coordinates>
            -1.6402779,47.1269701,0
          </coordinates>
        </Point>
      </Placemark>
      <Placemark>
        <name>Rue des Quarterons</name>
        <styleUrl>#icon-1899-DB4436-nodesc</styleUrl>
        <Point>
          <coordinates>
            -1.6407274,47.1289688,0
          </coordinates>
        </Point>
      </Placemark>
      <Placemark>
        <name>Boulevard Jean Monnet</name>
        <styleUrl>#icon-1899-DB4436-nodesc</styleUrl>
        <Point>
          <coordinates>
            -1.6461168,47.1339751,0
          </coordinates>
        </Point>
      </Placemark>
      <Placemark>
        <name>Route de la Marionnière</name>
        <styleUrl>#icon-1899-DB4436-nodesc</styleUrl>
        <Point>
          <coordinates>
            -1.6400734,47.1328125,0
          </coordinates>
        </Point>
      </Placemark>
      <Placemark>
        <name>Route des Ecobuts</name>
        <styleUrl>#icon-1899-DB4436-nodesc</styleUrl>
        <Point>
          <coordinates>
            -1.6311351,47.14381,0
          </coordinates>
        </Point>
      </Placemark>
    </Folder>
    <Folder>
      <name>Itinéraire de Rue de La Matrasserie à Rue des Roseaux</name>
      <Placemark>
        <name>Itinéraire de Rue de La Matrasserie à Rue des Roseaux</name>
        <styleUrl>#line-1267FF-5000-nodesc</styleUrl>
        <LineString>
          <tessellate>1</tessellate>
          <coordinates>
            -1.64294,47.17293,0
            -1.64297,47.17294,0
            -1.64303,47.17297,0
            -1.64298,47.17303,0
            -1.64294,47.17307,0
            -1.64294,47.17308,0
            -1.64289,47.17314,0
            -1.64281,47.17323,0
            -1.64277,47.17327,0
            -1.64272,47.17333,0
            -1.64268,47.17338,0
            -1.64265,47.17342,0
            -1.64252,47.17356,0
            -1.64244,47.17366,0
            -1.6423,47.17382,0
            -1.64229,47.17384,0
            -1.64212,47.17403,0
            -1.64212,47.17404,0
            -1.64199,47.17419,0
            -1.64196,47.17421,0
            -1.64189,47.17428,0
            -1.64183,47.17433,0
            -1.64182,47.17434,0
            -1.6417,47.17442,0
            -1.64157,47.17449,0
            -1.64147,47.17453,0
            -1.64138,47.17455,0
            -1.64126,47.17458,0
            -1.64107,47.17461,0
            -1.6409,47.17463,0
            -1.64087,47.17463,0
            -1.64074,47.17465,0
            -1.6407,47.17465,0
            -1.64059,47.17467,0
            -1.64045,47.1747,0
            -1.64036,47.17472,0
            -1.64027,47.17475,0
            -1.64017,47.17479,0
            -1.64006,47.17483,0
            -1.64004,47.17484,0
            -1.63993,47.17491,0
            -1.63981,47.17499,0
            -1.63963,47.17516,0
            -1.6396,47.17518,0
            -1.63954,47.17525,0
            -1.63945,47.17534,0
            -1.63933,47.17549,0
            -1.63927,47.17557,0
            -1.63926,47.17557,0
            -1.63909,47.17581,0
            -1.63904,47.17589,0
            -1.6389,47.17609,0
            -1.63876,47.1763,0
            -1.63875,47.17631,0
            -1.63871,47.17638,0
            -1.6387,47.17639,0
            -1.63868,47.17644,0
            -1.63867,47.17645,0
            -1.63867,47.17648,0
            -1.63868,47.17656,0
            -1.63872,47.17663,0
            -1.63886,47.1766,0
            -1.63914,47.17658,0
            -1.63928,47.17658,0
            -1.63953,47.17658,0
            -1.63978,47.17659,0
            -1.63996,47.1766,0
            -1.64014,47.17664,0
            -1.64046,47.17671,0
            -1.6414,47.17692,0
            -1.64159,47.17696,0
            -1.64171,47.17699,0
            -1.64188,47.17702,0
            -1.64212,47.17707,0
            -1.64223,47.17709,0
            -1.64224,47.1771,0
            -1.64232,47.17711,0
            -1.64235,47.17712,0
            -1.64249,47.17715,0
            -1.64269,47.17719,0
            -1.6431,47.17728,0
            -1.64314,47.17729,0
            -1.6432,47.1773,0
            -1.6434,47.17735,0
            -1.64345,47.17738,0
            -1.64371,47.17744,0
            -1.64398,47.17751,0
            -1.64402,47.17752,0
            -1.6439,47.17772,0
            -1.64385,47.17782,0
            -1.64378,47.17795,0
            -1.64365,47.17816,0
            -1.64359,47.17824,0
            -1.64358,47.17827,0
            -1.64353,47.17835,0
            -1.64346,47.17849,0
            -1.64346,47.1785,0
            -1.64338,47.17873,0
            -1.64332,47.17886,0
            -1.64326,47.17901,0
            -1.64324,47.17909,0
            -1.64314,47.17932,0
            -1.64308,47.17944,0
            -1.64302,47.17952,0
            -1.64313,47.17955,0
            -1.64323,47.17957,0
            -1.64358,47.17963,0
            -1.64373,47.17967,0
            -1.6438,47.17969,0
            -1.644,47.17973,0
            -1.64413,47.17976,0
            -1.64421,47.17977,0
            -1.64429,47.17978,0
            -1.64444,47.17979,0
            -1.64463,47.17979,0
            -1.64482,47.17978,0
            -1.64491,47.17977,0
            -1.64513,47.17972,0
            -1.64537,47.17967,0
            -1.64554,47.17964,0
            -1.64559,47.17963,0
            -1.6459,47.17956,0
            -1.64613,47.17951,0
            -1.64628,47.17948,0
            -1.64639,47.17947,0
            -1.64652,47.17946,0
            -1.64663,47.17945,0
            -1.64669,47.17945,0
            -1.64678,47.17945,0
            -1.64686,47.17945,0
            -1.647,47.17943,0
            -1.64712,47.17941,0
            -1.64725,47.17938,0
            -1.64739,47.17934,0
            -1.6475,47.1793,0
            -1.64759,47.17925,0
            -1.64769,47.1792,0
            -1.6478,47.17913,0
            -1.64785,47.17911,0
            -1.6479,47.17908,0
            -1.64794,47.17906,0
            -1.64815,47.17895,0
            -1.64824,47.17891,0
            -1.6485,47.17879,0
            -1.64872,47.17869,0
            -1.64893,47.1786,0
            -1.64904,47.17855,0
            -1.64909,47.17852,0
            -1.64914,47.17849,0
            -1.64919,47.17846,0
            -1.64923,47.17842,0
            -1.64889,47.1784,0
            -1.64863,47.17838,0
            -1.64824,47.17836,0
            -1.64829,47.17829,0
            -1.64831,47.17827,0
            -1.64832,47.17826,0
            -1.64831,47.17827,0
            -1.64829,47.17829,0
            -1.64824,47.17836,0
            -1.64863,47.17838,0
            -1.64889,47.1784,0
            -1.64923,47.17842,0
            -1.6494,47.17843,0
            -1.64946,47.17844,0
            -1.64955,47.17844,0
            -1.64982,47.17846,0
            -1.65011,47.17847,0
            -1.65045,47.17849,0
            -1.65138,47.17854,0
            -1.65178,47.17857,0
            -1.6519,47.17858,0
            -1.65208,47.17859,0
            -1.65213,47.1786,0
            -1.65218,47.1786,0
            -1.65245,47.17862,0
            -1.65255,47.17852,0
            -1.65258,47.17849,0
            -1.65268,47.17842,0
            -1.65281,47.17833,0
            -1.65305,47.17816,0
            -1.65333,47.17797,0
            -1.65336,47.17795,0
            -1.65339,47.17793,0
            -1.65344,47.17789,0
            -1.65377,47.17766,0
            -1.65383,47.17762,0
            -1.65384,47.17761,0
            -1.65386,47.1776,0
            -1.65392,47.17756,0
            -1.65399,47.17751,0
            -1.65401,47.17749,0
            -1.65408,47.17744,0
            -1.6541,47.17743,0
            -1.6541,47.17742,0
            -1.65418,47.17735,0
            -1.65433,47.17718,0
            -1.65445,47.17706,0
            -1.6546,47.17688,0
            -1.65464,47.17683,0
            -1.65466,47.17681,0
            -1.65469,47.17677,0
            -1.65479,47.17666,0
            -1.65494,47.1765,0
            -1.65501,47.1764,0
            -1.65507,47.17633,0
            -1.6551,47.17625,0
            -1.65511,47.17624,0
            -1.65513,47.17621,0
            -1.65515,47.17615,0
            -1.65517,47.17608,0
            -1.65523,47.17593,0
            -1.65526,47.17583,0
            -1.65528,47.17576,0
            -1.6553,47.17569,0
            -1.65532,47.17559,0
            -1.65536,47.17548,0
            -1.65543,47.17533,0
            -1.65566,47.17537,0
            -1.65593,47.17541,0
            -1.65605,47.17543,0
            -1.6563,47.17547,0
            -1.65635,47.17548,0
            -1.65651,47.17551,0
            -1.65656,47.17551,0
            -1.65669,47.17553,0
            -1.65674,47.17554,0
            -1.65687,47.17555,0
            -1.65696,47.17556,0
            -1.65697,47.17556,0
            -1.65699,47.17556,0
            -1.65704,47.17555,0
            -1.6571,47.17554,0
            -1.65715,47.17552,0
            -1.65723,47.17548,0
            -1.65729,47.17543,0
            -1.65745,47.17531,0
            -1.65762,47.17518,0
            -1.65773,47.1751,0
            -1.65762,47.17518,0
            -1.65745,47.17531,0
            -1.65729,47.17543,0
            -1.65723,47.17548,0
            -1.65715,47.17552,0
            -1.6571,47.17554,0
            -1.65704,47.17555,0
            -1.65699,47.17556,0
            -1.65697,47.17556,0
            -1.65696,47.17556,0
            -1.65687,47.17555,0
            -1.65674,47.17554,0
            -1.65669,47.17553,0
            -1.65656,47.17551,0
            -1.65651,47.17551,0
            -1.65635,47.17548,0
            -1.6563,47.17547,0
            -1.65605,47.17543,0
            -1.65593,47.17541,0
            -1.65566,47.17537,0
            -1.65543,47.17533,0
            -1.65536,47.17548,0
            -1.65532,47.17559,0
            -1.6553,47.17569,0
            -1.65528,47.17576,0
            -1.65526,47.17583,0
            -1.65523,47.17593,0
            -1.65517,47.17608,0
            -1.65515,47.17615,0
            -1.65513,47.17621,0
            -1.65511,47.17624,0
            -1.6551,47.17625,0
            -1.65507,47.17633,0
            -1.65501,47.1764,0
            -1.65494,47.1765,0
            -1.65479,47.17666,0
            -1.65469,47.17677,0
            -1.65466,47.17681,0
            -1.65464,47.17683,0
            -1.6546,47.17688,0
            -1.65445,47.17706,0
            -1.65433,47.17718,0
            -1.65418,47.17735,0
            -1.6541,47.17742,0
            -1.6541,47.17743,0
            -1.65408,47.17744,0
            -1.65401,47.17749,0
            -1.65399,47.17751,0
            -1.65392,47.17756,0
            -1.65386,47.1776,0
            -1.65384,47.17761,0
            -1.65383,47.17762,0
            -1.65377,47.17766,0
            -1.65344,47.17789,0
            -1.65339,47.17793,0
            -1.65336,47.17795,0
            -1.65333,47.17797,0
            -1.65305,47.17816,0
            -1.65281,47.17833,0
            -1.65268,47.17842,0
            -1.65258,47.17849,0
            -1.65255,47.17852,0
            -1.65245,47.17862,0
            -1.65268,47.17863,0
            -1.65277,47.17864,0
            -1.65293,47.17866,0
            -1.65306,47.17868,0
            -1.65316,47.1787,0
            -1.65317,47.17871,0
            -1.65342,47.17877,0
            -1.6535,47.1788,0
            -1.65359,47.17883,0
            -1.65382,47.1789,0
            -1.65396,47.17894,0
            -1.65445,47.1791,0
            -1.65492,47.17924,0
            -1.65503,47.17928,0
            -1.65513,47.17933,0
            -1.65529,47.17939,0
            -1.65529,47.1794,0
            -1.6553,47.17943,0
            -1.65532,47.17945,0
            -1.65534,47.17946,0
            -1.65536,47.17946,0
            -1.65539,47.17947,0
            -1.65541,47.17947,0
            -1.65544,47.17946,0
            -1.65545,47.17946,0
            -1.65546,47.17945,0
            -1.65576,47.1795,0
            -1.65649,47.17971,0
            -1.65673,47.17978,0
            -1.65673,47.17979,0
            -1.6576,47.18006,0
            -1.65768,47.18008,0
            -1.65794,47.18016,0
            -1.6581,47.18021,0
            -1.65816,47.18023,0
            -1.65826,47.18026,0
            -1.65831,47.18029,0
            -1.65856,47.18039,0
            -1.65869,47.18045,0
            -1.65887,47.18055,0
            -1.659,47.18063,0
            -1.65906,47.18066,0
            -1.65923,47.18076,0
            -1.65924,47.18077,0
            -1.6594,47.18086,0
            -1.65942,47.18088,0
            -1.65952,47.18095,0
            -1.65958,47.18099,0
            -1.6597,47.18107,0
            -1.65985,47.18117,0
            -1.65993,47.18123,0
            -1.65998,47.18126,0
            -1.66008,47.18133,0
            -1.66012,47.18135,0
            -1.66022,47.18142,0
            -1.66027,47.18146,0
            -1.66029,47.18147,0
            -1.66039,47.18153,0
            -1.6606,47.18167,0
            -1.66064,47.1817,0
            -1.66077,47.18178,0
            -1.66087,47.18184,0
            -1.66114,47.18202,0
            -1.6612,47.18206,0
            -1.66129,47.18212,0
            -1.66138,47.18218,0
            -1.66148,47.18224,0
            -1.6615,47.18226,0
            -1.66164,47.18234,0
            -1.6618,47.18244,0
            -1.66181,47.18245,0
            -1.6619,47.1825,0
            -1.66207,47.18259,0
            -1.66223,47.18268,0
            -1.66223,47.18269,0
            -1.66243,47.18278,0
            -1.66264,47.18288,0
            -1.66257,47.18297,0
            -1.66248,47.18309,0
            -1.66241,47.18318,0
            -1.66235,47.18324,0
            -1.66229,47.18331,0
            -1.66222,47.1834,0
            -1.66217,47.18348,0
            -1.66214,47.18354,0
            -1.66213,47.18359,0
            -1.66212,47.18359,0
            -1.66213,47.18359,0
            -1.66214,47.18354,0
            -1.66217,47.18348,0
            -1.66222,47.1834,0
            -1.66229,47.18331,0
            -1.66235,47.18324,0
            -1.66241,47.18318,0
            -1.66248,47.18309,0
            -1.66257,47.18297,0
            -1.66264,47.18288,0
            -1.66318,47.18314,0
            -1.66329,47.18319,0
            -1.6633,47.1832,0
            -1.6634,47.18324,0
            -1.6637,47.18338,0
            -1.66401,47.18352,0
            -1.66429,47.18366,0
            -1.6646,47.18376,0
            -1.66479,47.1838,0
            -1.66485,47.18381,0
            -1.66495,47.18382,0
            -1.66508,47.18383,0
            -1.66576,47.18388,0
            -1.66581,47.18388,0
            -1.66603,47.1839,0
            -1.66615,47.18391,0
            -1.66633,47.18393,0
            -1.66654,47.18396,0
            -1.66655,47.18396,0
            -1.66671,47.18399,0
            -1.66699,47.18402,0
            -1.66711,47.18404,0
            -1.66732,47.18408,0
            -1.66736,47.18409,0
            -1.66768,47.18415,0
            -1.66789,47.18417,0
            -1.66808,47.18421,0
            -1.66842,47.18427,0
            -1.66896,47.18437,0
            -1.66912,47.18439,0
            -1.66925,47.18442,0
            -1.66941,47.18444,0
            -1.66961,47.18446,0
            -1.66962,47.18449,0
            -1.66963,47.1845,0
            -1.66967,47.18452,0
            -1.6697,47.18452,0
            -1.66973,47.18452,0
            -1.66975,47.18451,0
            -1.66976,47.18451,0
            -1.66977,47.18449,0
            -1.66978,47.18447,0
            -1.66978,47.18445,0
            -1.66977,47.18444,0
            -1.66975,47.18443,0
            -1.66974,47.18442,0
            -1.66972,47.18441,0
            -1.66984,47.18426,0
            -1.66993,47.18417,0
            -1.66996,47.18414,0
            -1.66997,47.18413,0
            -1.67001,47.18409,0
            -1.67018,47.18381,0
            -1.67023,47.18374,0
            -1.6703,47.18365,0
            -1.67044,47.18345,0
            -1.67048,47.18337,0
            -1.6706,47.18327,0
            -1.67076,47.18307,0
            -1.67085,47.18295,0
            -1.67088,47.18292,0
            -1.6709,47.18289,0
            -1.67095,47.18283,0
            -1.6709,47.18289,0
            -1.67088,47.18292,0
            -1.67085,47.18295,0
            -1.67076,47.18307,0
            -1.6706,47.18327,0
            -1.67048,47.18337,0
            -1.67044,47.18345,0
            -1.6703,47.18365,0
            -1.67023,47.18374,0
            -1.67018,47.18381,0
            -1.67001,47.18409,0
            -1.66997,47.18413,0
            -1.66996,47.18414,0
            -1.66993,47.18417,0
            -1.66984,47.18426,0
            -1.66972,47.18441,0
            -1.66971,47.18441,0
            -1.66969,47.18441,0
            -1.66968,47.18441,0
            -1.66967,47.18441,0
            -1.66966,47.18441,0
            -1.66965,47.18442,0
            -1.66964,47.18442,0
            -1.66962,47.18444,0
            -1.66961,47.18446,0
            -1.66962,47.18449,0
            -1.66963,47.1845,0
            -1.66967,47.18452,0
            -1.66963,47.18457,0
            -1.6696,47.18462,0
            -1.66937,47.18493,0
            -1.66933,47.18498,0
            -1.66925,47.18509,0
            -1.66903,47.1854,0
            -1.6688,47.18574,0
            -1.6687,47.18591,0
            -1.66865,47.18593,0
            -1.6686,47.18596,0
            -1.66856,47.18601,0
            -1.66853,47.18604,0
            -1.66852,47.18605,0
            -1.66848,47.1861,0
            -1.66839,47.1862,0
            -1.66838,47.18621,0
            -1.66824,47.18632,0
            -1.66822,47.18633,0
            -1.66815,47.18639,0
            -1.66796,47.18653,0
            -1.66787,47.1866,0
            -1.66781,47.18664,0
            -1.66765,47.18677,0
            -1.66752,47.18685,0
            -1.66751,47.18686,0
            -1.66737,47.18698,0
            -1.66721,47.18711,0
            -1.66718,47.18714,0
            -1.66702,47.18729,0
            -1.66692,47.18739,0
            -1.66687,47.18747,0
            -1.66683,47.18756,0
            -1.66681,47.1876,0
            -1.66681,47.18763,0
            -1.66681,47.18767,0
            -1.66682,47.18777,0
            -1.66683,47.18783,0
            -1.66683,47.18786,0
            -1.66683,47.18791,0
            -1.6664,47.18786,0
            -1.666,47.1878,0
            -1.66578,47.18777,0
          </coordinates>
        </LineString>
      </Placemark>
      <Placemark>
        <name>Rue de La Matrasserie</name>
        <styleUrl>#icon-1899-DB4436-nodesc</styleUrl>
        <Point>
          <coordinates>
            -1.6429362,47.1729261,0
          </coordinates>
        </Point>
      </Placemark>
      <Placemark>
        <name>Rue de la Pagerie</name>
        <styleUrl>#icon-1899-DB4436-nodesc</styleUrl>
        <Point>
          <coordinates>
            -1.6431343,47.1795484,0
          </coordinates>
        </Point>
      </Placemark>
      <Placemark>
        <name>Rue de Beau Soleil</name>
        <styleUrl>#icon-1899-DB4436-nodesc</styleUrl>
        <Point>
          <coordinates>
            -1.6483174,47.1782636,0
          </coordinates>
        </Point>
      </Placemark>
      <Placemark>
        <name>Rue de la Mouchonnerie</name>
        <styleUrl>#icon-1899-DB4436-nodesc</styleUrl>
        <Point>
          <coordinates>
            -1.657731,47.1751013,0
          </coordinates>
        </Point>
      </Placemark>
      <Placemark>
        <name>Rue de la Ravardière</name>
        <styleUrl>#icon-1899-DB4436-nodesc</styleUrl>
        <Point>
          <coordinates>
            -1.6621244,47.183588,0
          </coordinates>
        </Point>
      </Placemark>
      <Placemark>
        <name><![CDATA[Rue de la Haie d'Ancheteau]]></name>
        <styleUrl>#icon-1899-DB4436-nodesc</styleUrl>
        <Point>
          <coordinates>
            -1.6709456,47.1828344,0
          </coordinates>
        </Point>
      </Placemark>
      <Placemark>
        <name><![CDATA[Rue de la Haie d'Ancheteau]]></name>
        <styleUrl>#icon-1899-DB4436-nodesc</styleUrl>
        <Point>
          <coordinates>
            -1.6709456,47.1828344,0
          </coordinates>
        </Point>
      </Placemark>
      <Placemark>
        <name>Rue des Roseaux</name>
        <styleUrl>#icon-1899-DB4436-nodesc</styleUrl>
        <Point>
          <coordinates>
            -1.6657829,47.187767,0
          </coordinates>
        </Point>
      </Placemark>
    </Folder>
    <Folder>
      <name>Itinéraire de Avenue du Général De Gaulle à Rue des Sencives</name>
      <Placemark>
        <name>Itinéraire de Avenue du Général De Gaulle à Rue des Sencives</name>
        <styleUrl>#line-1267FF-5000-nodesc</styleUrl>
        <LineString>
          <tessellate>1</tessellate>
          <coordinates>
            -1.61915,47.17794,0
            -1.61939,47.17798,0
            -1.61973,47.17805,0
            -1.61988,47.17806,0
            -1.61997,47.17808,0
            -1.62014,47.17811,0
            -1.62024,47.1781,0
            -1.62031,47.1781,0
            -1.62036,47.17809,0
            -1.62042,47.17808,0
            -1.62044,47.17808,0
            -1.62047,47.17807,0
            -1.62067,47.17805,0
            -1.62076,47.17804,0
            -1.62088,47.17803,0
            -1.62089,47.17802,0
            -1.62124,47.17798,0
            -1.62139,47.17794,0
            -1.62134,47.17789,0
            -1.62092,47.17746,0
            -1.6208,47.17734,0
            -1.6207,47.17723,0
            -1.6205,47.17703,0
            -1.62041,47.17693,0
            -1.62037,47.17689,0
            -1.62034,47.17686,0
            -1.62026,47.17678,0
            -1.62022,47.17675,0
            -1.62018,47.17669,0
            -1.62013,47.17662,0
            -1.62008,47.17653,0
            -1.62009,47.17652,0
            -1.62009,47.17651,0
            -1.62009,47.1765,0
            -1.6201,47.17649,0
            -1.6201,47.17648,0
            -1.6201,47.17647,0
            -1.6201,47.17646,0
            -1.6201,47.17645,0
            -1.62057,47.17628,0
            -1.62058,47.17628,0
            -1.6209,47.17616,0
            -1.62108,47.1761,0
            -1.62135,47.17601,0
            -1.62144,47.17598,0
            -1.62153,47.17594,0
            -1.62193,47.1758,0
            -1.62297,47.17541,0
            -1.62347,47.17522,0
            -1.62369,47.17515,0
            -1.62371,47.17516,0
            -1.62372,47.17517,0
            -1.62373,47.17518,0
            -1.62375,47.17519,0
            -1.62377,47.1752,0
            -1.62378,47.1752,0
            -1.6238,47.17521,0
            -1.62382,47.17521,0
            -1.624,47.17552,0
            -1.62411,47.17555,0
            -1.62419,47.1756,0
            -1.62465,47.17592,0
            -1.62478,47.17601,0
            -1.62489,47.17608,0
            -1.62491,47.17609,0
            -1.62496,47.17613,0
            -1.62537,47.17642,0
            -1.6256,47.17659,0
            -1.62581,47.17676,0
            -1.62581,47.17677,0
            -1.62581,47.17678,0
            -1.62581,47.17679,0
            -1.62581,47.1768,0
            -1.62581,47.17681,0
            -1.62582,47.17682,0
            -1.62582,47.17683,0
            -1.62583,47.17684,0
            -1.62584,47.17684,0
            -1.62584,47.17685,0
            -1.62585,47.17686,0
            -1.62586,47.17686,0
            -1.62587,47.17687,0
            -1.62588,47.17687,0
            -1.62589,47.17688,0
            -1.6259,47.17688,0
            -1.62591,47.17688,0
            -1.62592,47.17689,0
            -1.62593,47.17689,0
            -1.62595,47.17689,0
            -1.62596,47.17689,0
            -1.62597,47.17689,0
            -1.62598,47.17689,0
            -1.62599,47.17689,0
            -1.626,47.17689,0
            -1.62627,47.17704,0
            -1.62717,47.17763,0
            -1.62737,47.17776,0
            -1.62773,47.178,0
            -1.62824,47.17834,0
            -1.62828,47.17839,0
            -1.62838,47.1785,0
            -1.62841,47.17854,0
            -1.62842,47.17856,0
            -1.62841,47.17857,0
            -1.6284,47.17858,0
            -1.6284,47.17859,0
            -1.62839,47.1786,0
            -1.62838,47.17862,0
            -1.62838,47.17863,0
            -1.62838,47.17864,0
            -1.62838,47.17865,0
            -1.62838,47.17866,0
            -1.62838,47.17867,0
            -1.62838,47.17868,0
            -1.62838,47.17869,0
            -1.62839,47.17871,0
            -1.6284,47.17871,0
            -1.62841,47.17872,0
            -1.62842,47.17873,0
            -1.62843,47.17873,0
            -1.62843,47.17874,0
            -1.62845,47.17874,0
            -1.62847,47.17875,0
            -1.62849,47.17876,0
            -1.62851,47.17876,0
            -1.62853,47.17876,0
            -1.62856,47.17877,0
            -1.62857,47.17877,0
            -1.62869,47.17885,0
            -1.62874,47.17888,0
            -1.62881,47.17892,0
            -1.62883,47.17893,0
            -1.62888,47.17896,0
            -1.62892,47.17899,0
            -1.62897,47.17902,0
            -1.62901,47.17904,0
            -1.62904,47.17907,0
            -1.62917,47.17919,0
            -1.62929,47.17929,0
            -1.62934,47.17933,0
            -1.62937,47.17935,0
            -1.62941,47.17937,0
            -1.62951,47.17943,0
            -1.62995,47.17962,0
            -1.63023,47.17975,0
            -1.63037,47.17982,0
            -1.63039,47.17983,0
            -1.63084,47.18006,0
            -1.63092,47.18011,0
            -1.63117,47.18025,0
            -1.63148,47.18043,0
            -1.63154,47.18046,0
            -1.63163,47.18049,0
            -1.63171,47.18051,0
            -1.63178,47.18054,0
            -1.63187,47.18058,0
            -1.63192,47.1806,0
            -1.63204,47.18064,0
            -1.6321,47.18067,0
            -1.63231,47.18073,0
            -1.63238,47.18076,0
            -1.63244,47.18078,0
            -1.63245,47.18079,0
            -1.6325,47.18081,0
            -1.63255,47.18084,0
            -1.6326,47.18087,0
            -1.63265,47.18091,0
            -1.63279,47.18103,0
            -1.63287,47.1811,0
            -1.63289,47.18111,0
            -1.63292,47.18114,0
            -1.63295,47.18117,0
            -1.63297,47.18119,0
            -1.63306,47.18132,0
            -1.63308,47.18135,0
            -1.63309,47.18137,0
            -1.63312,47.18141,0
            -1.63315,47.18145,0
            -1.63344,47.18189,0
            -1.63371,47.18227,0
            -1.63387,47.18249,0
            -1.63394,47.18259,0
            -1.63398,47.18266,0
            -1.63399,47.18267,0
            -1.63435,47.18318,0
            -1.63464,47.1836,0
            -1.63477,47.18379,0
            -1.63478,47.18381,0
            -1.63484,47.18389,0
            -1.63488,47.18396,0
            -1.6349,47.18397,0
            -1.63497,47.18407,0
            -1.63506,47.18421,0
            -1.63523,47.18448,0
            -1.63531,47.18462,0
            -1.63537,47.18477,0
            -1.63541,47.18492,0
            -1.63542,47.18501,0
            -1.63543,47.18511,0
            -1.63543,47.18518,0
            -1.63541,47.18531,0
            -1.63532,47.18545,0
            -1.63523,47.18559,0
            -1.63515,47.1857,0
            -1.6351,47.18578,0
            -1.63498,47.18595,0
            -1.63492,47.18602,0
            -1.63489,47.18605,0
            -1.63485,47.18609,0
            -1.63478,47.18616,0
            -1.63477,47.18617,0
            -1.6347,47.18622,0
            -1.6345,47.18641,0
            -1.63444,47.18646,0
            -1.63441,47.18648,0
            -1.63438,47.18649,0
            -1.63436,47.1865,0
            -1.63428,47.18652,0
            -1.63426,47.18653,0
            -1.63425,47.18654,0
            -1.63423,47.18656,0
            -1.63423,47.18658,0
            -1.63424,47.1866,0
            -1.63426,47.18663,0
            -1.63428,47.18665,0
            -1.63429,47.18666,0
            -1.63428,47.18665,0
            -1.63426,47.18663,0
            -1.63424,47.1866,0
            -1.63423,47.18658,0
            -1.63423,47.18656,0
            -1.63425,47.18654,0
            -1.63426,47.18653,0
            -1.63428,47.18652,0
            -1.63436,47.1865,0
            -1.63438,47.18649,0
            -1.63441,47.18648,0
            -1.63444,47.18646,0
            -1.6345,47.18641,0
            -1.6347,47.18622,0
            -1.63477,47.18617,0
            -1.63478,47.18616,0
            -1.63485,47.18609,0
            -1.63489,47.18605,0
            -1.63492,47.18602,0
            -1.63498,47.18595,0
            -1.6351,47.18578,0
            -1.63515,47.1857,0
            -1.63523,47.18559,0
            -1.63532,47.18545,0
            -1.63541,47.18531,0
            -1.63543,47.18518,0
            -1.63543,47.18511,0
            -1.63542,47.18501,0
            -1.63541,47.18492,0
            -1.63537,47.18477,0
            -1.63531,47.18462,0
            -1.63523,47.18448,0
            -1.63506,47.18421,0
            -1.63497,47.18407,0
            -1.6349,47.18397,0
            -1.63488,47.18396,0
            -1.63484,47.18389,0
            -1.63478,47.18381,0
            -1.63477,47.18379,0
            -1.63464,47.1836,0
            -1.63435,47.18318,0
            -1.63399,47.18267,0
            -1.63398,47.18266,0
            -1.63394,47.18259,0
            -1.63387,47.18249,0
            -1.63371,47.18227,0
            -1.63344,47.18189,0
            -1.63315,47.18145,0
            -1.63312,47.18141,0
            -1.63309,47.18137,0
            -1.63308,47.18135,0
            -1.63306,47.18132,0
            -1.63297,47.18119,0
            -1.63295,47.18117,0
            -1.63292,47.18114,0
            -1.63289,47.18111,0
            -1.63287,47.1811,0
            -1.63279,47.18103,0
            -1.63265,47.18091,0
            -1.6326,47.18087,0
            -1.63255,47.18084,0
            -1.6325,47.18081,0
            -1.63245,47.18079,0
            -1.63244,47.18078,0
            -1.63238,47.18076,0
            -1.63231,47.18073,0
            -1.6321,47.18067,0
            -1.63204,47.18064,0
            -1.63192,47.1806,0
            -1.63187,47.18058,0
            -1.63178,47.18054,0
            -1.63171,47.18051,0
            -1.63163,47.18049,0
            -1.63154,47.18046,0
            -1.63148,47.18043,0
            -1.63117,47.18025,0
            -1.63092,47.18011,0
            -1.63084,47.18006,0
            -1.63039,47.17983,0
            -1.63037,47.17982,0
            -1.63023,47.17975,0
            -1.62995,47.17962,0
            -1.62951,47.17943,0
            -1.62941,47.17937,0
            -1.62937,47.17935,0
            -1.62934,47.17933,0
            -1.62929,47.17929,0
            -1.62917,47.17919,0
            -1.62904,47.17907,0
            -1.62901,47.17904,0
            -1.62897,47.17902,0
            -1.62892,47.17899,0
            -1.62888,47.17896,0
            -1.62883,47.17893,0
            -1.62882,47.17892,0
            -1.62878,47.17887,0
            -1.62875,47.17884,0
            -1.62868,47.17872,0
            -1.6287,47.17871,0
            -1.62871,47.1787,0
            -1.62872,47.17869,0
            -1.62873,47.17868,0
            -1.62931,47.1786,0
            -1.63002,47.17854,0
            -1.63034,47.17852,0
            -1.63046,47.17853,0
            -1.63053,47.17852,0
            -1.63067,47.17851,0
            -1.63088,47.1785,0
            -1.63097,47.17849,0
            -1.63112,47.17848,0
            -1.63118,47.17847,0
            -1.63134,47.17847,0
            -1.6316,47.17845,0
            -1.63159,47.1784,0
            -1.63156,47.17827,0
            -1.63156,47.17823,0
            -1.63156,47.1782,0
            -1.63157,47.17815,0
            -1.63158,47.17808,0
            -1.63161,47.17803,0
            -1.63163,47.17798,0
            -1.63167,47.17793,0
            -1.63172,47.17788,0
            -1.63177,47.17783,0
            -1.63184,47.17778,0
            -1.63208,47.17761,0
            -1.6322,47.17753,0
            -1.63244,47.17739,0
            -1.6326,47.17727,0
            -1.63271,47.1772,0
            -1.63276,47.17715,0
            -1.63278,47.17712,0
            -1.6328,47.17709,0
            -1.63281,47.17708,0
            -1.63288,47.17681,0
            -1.6329,47.17666,0
            -1.63293,47.17641,0
            -1.63296,47.17619,0
            -1.63296,47.17613,0
            -1.63296,47.17605,0
            -1.63297,47.17581,0
            -1.63298,47.17576,0
            -1.63303,47.17565,0
            -1.6331,47.17555,0
            -1.63316,47.17546,0
            -1.63335,47.1752,0
            -1.63354,47.17494,0
            -1.63363,47.17485,0
            -1.63369,47.17478,0
            -1.63374,47.17473,0
            -1.6338,47.17468,0
            -1.63383,47.17464,0
            -1.63389,47.17458,0
            -1.63402,47.17439,0
            -1.63412,47.17419,0
            -1.63416,47.1741,0
            -1.63419,47.17404,0
            -1.63423,47.17397,0
            -1.63427,47.17392,0
            -1.63432,47.17385,0
            -1.63435,47.17382,0
            -1.63449,47.1737,0
            -1.63514,47.17323,0
            -1.63532,47.17305,0
            -1.63532,47.17306,0
            -1.63533,47.17306,0
            -1.63534,47.17306,0
            -1.63535,47.17306,0
            -1.63536,47.17306,0
            -1.63537,47.17306,0
            -1.63538,47.17306,0
            -1.63539,47.17306,0
            -1.6354,47.17305,0
            -1.63541,47.17305,0
            -1.63541,47.17304,0
            -1.63542,47.17304,0
            -1.63543,47.17303,0
            -1.63543,47.17302,0
            -1.63543,47.17301,0
            -1.63544,47.17301,0
            -1.63543,47.173,0
            -1.63543,47.17299,0
            -1.63543,47.17298,0
            -1.63542,47.17298,0
            -1.63542,47.17297,0
            -1.63541,47.17297,0
            -1.63552,47.17286,0
            -1.63568,47.17275,0
            -1.63578,47.17266,0
            -1.63609,47.17237,0
            -1.63627,47.17219,0
            -1.63645,47.17204,0
            -1.63662,47.17189,0
            -1.63666,47.17183,0
            -1.6367,47.17177,0
            -1.63671,47.17173,0
            -1.63674,47.17167,0
            -1.63686,47.17166,0
            -1.63703,47.17164,0
            -1.63702,47.17159,0
            -1.63706,47.17153,0
            -1.63714,47.17142,0
            -1.63716,47.17139,0
            -1.63723,47.17131,0
            -1.63736,47.17116,0
            -1.63755,47.17095,0
            -1.63767,47.17084,0
            -1.63773,47.17078,0
            -1.63779,47.17067,0
            -1.6377,47.17058,0
            -1.63761,47.17049,0
            -1.63756,47.17042,0
            -1.63751,47.17033,0
            -1.6373,47.16978,0
            -1.63695,47.16882,0
            -1.63687,47.16858,0
            -1.63684,47.16851,0
            -1.6368,47.1684,0
            -1.63674,47.16823,0
            -1.63669,47.16809,0
            -1.63668,47.16804,0
            -1.6366,47.16783,0
            -1.63659,47.16779,0
            -1.63642,47.16731,0
            -1.63635,47.16714,0
            -1.63631,47.16705,0
            -1.63621,47.16691,0
            -1.63618,47.16688,0
            -1.63614,47.16685,0
            -1.63608,47.16679,0
            -1.63562,47.16648,0
            -1.6351,47.16611,0
            -1.63439,47.16562,0
            -1.63431,47.16556,0
            -1.63419,47.16548,0
            -1.63421,47.16547,0
            -1.63421,47.16545,0
            -1.63421,47.16544,0
            -1.6342,47.16543,0
            -1.63418,47.16541,0
            -1.63414,47.1654,0
            -1.63411,47.16541,0
            -1.63409,47.16543,0
            -1.63408,47.16545,0
            -1.6341,47.16548,0
            -1.63375,47.16568,0
            -1.63369,47.16571,0
            -1.63317,47.16603,0
            -1.63299,47.16614,0
            -1.6327,47.16631,0
            -1.63249,47.1664,0
            -1.63248,47.16641,0
            -1.63239,47.16644,0
            -1.63233,47.16646,0
            -1.63218,47.1665,0
            -1.63212,47.16651,0
            -1.63204,47.16653,0
            -1.63198,47.16653,0
            -1.63184,47.16654,0
            -1.63177,47.16655,0
            -1.63152,47.16657,0
            -1.63149,47.16657,0
            -1.63131,47.16659,0
            -1.63045,47.16666,0
            -1.63028,47.16667,0
            -1.63012,47.16667,0
            -1.63004,47.16666,0
            -1.62997,47.16665,0
            -1.62975,47.16659,0
            -1.62964,47.16656,0
            -1.62952,47.16652,0
            -1.62901,47.16627,0
            -1.6285,47.16604,0
            -1.62842,47.166,0
            -1.62816,47.16589,0
            -1.62799,47.16582,0
            -1.62789,47.16576,0
            -1.62779,47.1657,0
            -1.62767,47.16563,0
            -1.62759,47.16556,0
            -1.62757,47.16554,0
            -1.62757,47.16547,0
            -1.62758,47.16543,0
            -1.62758,47.16539,0
            -1.62758,47.16536,0
            -1.62762,47.16534,0
            -1.62765,47.16532,0
            -1.62768,47.1653,0
            -1.6277,47.16527,0
            -1.62772,47.16524,0
            -1.62773,47.16521,0
            -1.62774,47.16518,0
            -1.62773,47.16515,0
            -1.62773,47.16512,0
            -1.62772,47.1651,0
            -1.62771,47.16508,0
            -1.62769,47.16506,0
            -1.62767,47.16504,0
            -1.62765,47.16502,0
            -1.62762,47.165,0
            -1.62759,47.16499,0
            -1.62758,47.16498,0
            -1.62757,47.16498,0
            -1.62755,47.16498,0
            -1.62754,47.16497,0
            -1.62753,47.16497,0
            -1.62751,47.16496,0
            -1.6275,47.16496,0
            -1.62748,47.16496,0
            -1.62746,47.16496,0
            -1.62743,47.16495,0
            -1.62741,47.16495,0
            -1.62738,47.16496,0
            -1.62736,47.16496,0
            -1.62733,47.16496,0
            -1.62731,47.16497,0
            -1.62728,47.16497,0
            -1.62725,47.16498,0
            -1.62722,47.165,0
            -1.62719,47.16501,0
            -1.62717,47.16503,0
            -1.62715,47.16505,0
            -1.62713,47.16507,0
            -1.62712,47.16509,0
            -1.6271,47.16511,0
            -1.62707,47.16513,0
            -1.62703,47.16514,0
            -1.62696,47.16515,0
            -1.6269,47.16516,0
            -1.62683,47.16517,0
            -1.62661,47.16517,0
            -1.62641,47.16519,0
            -1.62634,47.1652,0
            -1.62631,47.16521,0
            -1.62616,47.16526,0
            -1.62609,47.16528,0
            -1.62594,47.16537,0
            -1.62583,47.16545,0
            -1.62572,47.16555,0
            -1.62562,47.16564,0
            -1.6256,47.16566,0
            -1.62545,47.16578,0
            -1.62532,47.16589,0
            -1.62529,47.16592,0
            -1.6249,47.16628,0
            -1.62481,47.16636,0
            -1.62461,47.16654,0
            -1.62458,47.16658,0
            -1.62457,47.16658,0
            -1.62446,47.16669,0
            -1.62439,47.16681,0
            -1.62439,47.16682,0
            -1.62436,47.1669,0
            -1.62435,47.16694,0
            -1.62434,47.16704,0
            -1.62432,47.16705,0
            -1.62431,47.16707,0
            -1.62429,47.16712,0
            -1.62428,47.16713,0
            -1.62427,47.16713,0
            -1.62426,47.16713,0
            -1.62425,47.16714,0
            -1.62424,47.16714,0
            -1.62424,47.16715,0
            -1.62423,47.16715,0
            -1.62422,47.16716,0
            -1.62422,47.16717,0
            -1.62421,47.16717,0
            -1.62421,47.16718,0
            -1.62421,47.16719,0
            -1.62421,47.1672,0
            -1.62422,47.16721,0
            -1.62422,47.16722,0
            -1.62423,47.16723,0
            -1.62424,47.16723,0
            -1.62424,47.16724,0
            -1.62425,47.16724,0
            -1.62426,47.16725,0
            -1.62427,47.16725,0
            -1.62428,47.16725,0
            -1.62428,47.16726,0
            -1.62429,47.16726,0
            -1.6243,47.16726,0
            -1.62435,47.16736,0
            -1.62444,47.16753,0
            -1.62461,47.16796,0
            -1.62478,47.16841,0
            -1.62489,47.1687,0
            -1.6249,47.16874,0
            -1.62492,47.16879,0
            -1.62496,47.16892,0
            -1.62497,47.16897,0
            -1.62498,47.16902,0
            -1.62499,47.16904,0
            -1.625,47.16911,0
            -1.62501,47.1692,0
            -1.62501,47.16925,0
            -1.62501,47.16944,0
            -1.62498,47.16957,0
            -1.62495,47.16963,0
            -1.6249,47.16973,0
            -1.62487,47.16977,0
            -1.62477,47.16995,0
            -1.62439,47.1706,0
            -1.62434,47.1707,0
            -1.62428,47.17075,0
            -1.62423,47.17084,0
            -1.62412,47.171,0
            -1.62409,47.17105,0
            -1.62407,47.1711,0
            -1.62403,47.17122,0
            -1.62398,47.17142,0
            -1.6239,47.17183,0
            -1.6239,47.17184,0
            -1.62389,47.17189,0
            -1.62372,47.17275,0
            -1.62366,47.17309,0
            -1.62365,47.17314,0
            -1.62364,47.17319,0
            -1.62359,47.17353,0
            -1.62356,47.17385,0
            -1.62356,47.17388,0
            -1.62357,47.17412,0
            -1.62358,47.17424,0
            -1.62358,47.17427,0
            -1.62363,47.17453,0
            -1.62368,47.17478,0
            -1.6237,47.17493,0
            -1.62369,47.17495,0
            -1.62368,47.17496,0
            -1.62367,47.17497,0
            -1.62366,47.17498,0
            -1.62365,47.17499,0
            -1.62365,47.17501,0
            -1.62365,47.17502,0
            -1.62364,47.17503,0
            -1.62364,47.17505,0
            -1.6235,47.17514,0
            -1.62311,47.17528,0
            -1.62272,47.17543,0
            -1.6215,47.17587,0
            -1.62141,47.1759,0
            -1.6214,47.17591,0
            -1.62131,47.17594,0
            -1.62106,47.17604,0
            -1.62058,47.17622,0
            -1.62018,47.17634,0
            -1.62002,47.17637,0
            -1.62001,47.17636,0
            -1.62,47.17636,0
            -1.61999,47.17636,0
            -1.61998,47.17635,0
            -1.61997,47.17635,0
            -1.61996,47.17635,0
            -1.61995,47.17635,0
            -1.61988,47.17628,0
            -1.6198,47.17622,0
            -1.61965,47.17613,0
            -1.61963,47.17611,0
            -1.61959,47.17607,0
            -1.61958,47.17606,0
            -1.61955,47.17603,0
            -1.61948,47.17595,0
            -1.61918,47.17563,0
            -1.61913,47.17558,0
            -1.61884,47.17527,0
            -1.61872,47.17515,0
            -1.61865,47.17508,0
            -1.61845,47.17486,0
            -1.61829,47.17469,0
            -1.61811,47.17448,0
            -1.61804,47.17439,0
            -1.618,47.17435,0
            -1.61791,47.17419,0
            -1.61789,47.17413,0
            -1.61784,47.17398,0
            -1.61783,47.17394,0
            -1.61781,47.17374,0
            -1.61781,47.17373,0
            -1.61782,47.17347,0
            -1.61784,47.17337,0
            -1.61792,47.17294,0
            -1.61792,47.1728,0
            -1.6179,47.17271,0
            -1.61785,47.17259,0
            -1.61778,47.17241,0
            -1.61779,47.1724,0
            -1.6178,47.17239,0
            -1.61781,47.17238,0
            -1.61782,47.17237,0
            -1.61782,47.17236,0
            -1.61783,47.17235,0
            -1.61783,47.17233,0
            -1.61783,47.17232,0
            -1.61782,47.17231,0
            -1.61782,47.1723,0
            -1.61781,47.17229,0
            -1.61781,47.17228,0
            -1.6178,47.17227,0
            -1.61779,47.17225,0
            -1.61792,47.17216,0
            -1.61802,47.17206,0
            -1.6181,47.17197,0
            -1.61829,47.17176,0
            -1.61834,47.1717,0
            -1.61866,47.17136,0
            -1.61869,47.17132,0
            -1.61873,47.17128,0
            -1.619,47.171,0
            -1.61927,47.17076,0
            -1.61931,47.17073,0
            -1.61937,47.17066,0
            -1.6196,47.17049,0
            -1.6197,47.17041,0
            -1.61985,47.1703,0
            -1.6199,47.17027,0
            -1.61995,47.17024,0
            -1.62026,47.17004,0
            -1.62038,47.16996,0
            -1.62042,47.16994,0
            -1.62038,47.16996,0
            -1.62026,47.17004,0
            -1.61995,47.17024,0
            -1.6199,47.17027,0
            -1.61985,47.1703,0
            -1.6197,47.17041,0
            -1.6196,47.17049,0
            -1.61937,47.17066,0
            -1.61931,47.17073,0
            -1.61927,47.17076,0
            -1.619,47.171,0
            -1.61873,47.17128,0
            -1.61869,47.17132,0
            -1.61866,47.17136,0
            -1.61834,47.1717,0
            -1.61829,47.17176,0
            -1.6181,47.17197,0
            -1.61802,47.17206,0
            -1.61792,47.17216,0
            -1.61779,47.17225,0
            -1.61777,47.17225,0
            -1.61776,47.17224,0
            -1.61775,47.17223,0
            -1.61773,47.17223,0
            -1.61771,47.17222,0
            -1.6177,47.17222,0
            -1.61768,47.17222,0
            -1.61766,47.17221,0
            -1.61765,47.17221,0
            -1.61763,47.17222,0
            -1.61761,47.17222,0
            -1.61758,47.17223,0
            -1.61757,47.17223,0
            -1.61755,47.17224,0
            -1.61754,47.17225,0
            -1.61753,47.17226,0
            -1.61752,47.17226,0
            -1.61751,47.17228,0
            -1.6175,47.17229,0
            -1.61749,47.1723,0
            -1.61749,47.17231,0
            -1.61749,47.17232,0
            -1.61749,47.17233,0
            -1.61749,47.17234,0
            -1.61749,47.17236,0
            -1.6175,47.17237,0
            -1.61751,47.17239,0
            -1.61747,47.1724,0
            -1.61717,47.17253,0
            -1.61689,47.17267,0
            -1.61668,47.17277,0
            -1.61655,47.17283,0
            -1.61644,47.17289,0
            -1.6163,47.17297,0
            -1.61626,47.173,0
            -1.61609,47.17311,0
            -1.616,47.17317,0
            -1.61595,47.1732,0
            -1.61584,47.1733,0
            -1.61555,47.17354,0
            -1.61548,47.17361,0
            -1.61524,47.17385,0
            -1.61524,47.17386,0
            -1.6152,47.1739,0
            -1.61499,47.17416,0
            -1.61497,47.1742,0
            -1.61477,47.17454,0
            -1.61472,47.17466,0
            -1.6147,47.1747,0
            -1.61463,47.17488,0
            -1.61455,47.17513,0
            -1.61436,47.17515,0
            -1.61425,47.17516,0
            -1.61413,47.17518,0
            -1.61403,47.1752,0
            -1.61402,47.1752,0
            -1.61398,47.17521,0
            -1.61376,47.17526,0
            -1.61366,47.17527,0
            -1.61343,47.1753,0
            -1.61342,47.1753,0
            -1.61341,47.17529,0
            -1.6134,47.17528,0
            -1.61339,47.17527,0
            -1.61338,47.17527,0
            -1.61336,47.17526,0
            -1.61335,47.17525,0
            -1.61333,47.17525,0
            -1.6133,47.17524,0
            -1.61327,47.17523,0
            -1.61323,47.17523,0
            -1.61319,47.17523,0
            -1.61316,47.17523,0
            -1.61312,47.17523,0
            -1.61309,47.17524,0
            -1.61306,47.17525,0
            -1.6128,47.17514,0
            -1.61278,47.17514,0
            -1.61244,47.175,0
            -1.61222,47.1749,0
            -1.61207,47.17484,0
            -1.61206,47.17484,0
            -1.61201,47.17482,0
            -1.61199,47.17481,0
            -1.61191,47.17478,0
            -1.61185,47.17475,0
            -1.61184,47.17475,0
            -1.61183,47.17474,0
            -1.61179,47.17473,0
            -1.61163,47.17466,0
            -1.61101,47.17442,0
            -1.61078,47.17433,0
            -1.61055,47.17424,0
            -1.61033,47.17407,0
            -1.61033,47.17406,0
            -1.61034,47.17405,0
            -1.61034,47.17403,0
            -1.61034,47.17402,0
            -1.61033,47.174,0
            -1.61033,47.17399,0
            -1.61032,47.17396,0
            -1.61031,47.17394,0
            -1.6103,47.17393,0
            -1.61028,47.17392,0
            -1.61027,47.1739,0
            -1.61026,47.17389,0
            -1.61024,47.17388,0
            -1.61022,47.17387,0
            -1.61021,47.17387,0
            -1.61019,47.17386,0
            -1.61017,47.17385,0
            -1.61015,47.17385,0
            -1.61013,47.17384,0
            -1.6101,47.17384,0
            -1.61008,47.17384,0
            -1.61006,47.17384,0
            -1.61004,47.17384,0
            -1.61001,47.17384,0
            -1.60999,47.17384,0
            -1.60997,47.17385,0
            -1.60995,47.17385,0
            -1.60992,47.17386,0
            -1.6099,47.17387,0
            -1.60988,47.17388,0
            -1.60987,47.17389,0
            -1.60985,47.1739,0
            -1.60983,47.17391,0
            -1.60982,47.17392,0
            -1.60981,47.17393,0
            -1.60935,47.17392,0
            -1.60925,47.17392,0
            -1.60903,47.17391,0
            -1.60885,47.17391,0
            -1.60861,47.17393,0
            -1.6085,47.17394,0
            -1.6083,47.17398,0
            -1.60816,47.17401,0
            -1.60795,47.17407,0
            -1.60784,47.1741,0
            -1.60776,47.17413,0
            -1.60765,47.17417,0
            -1.60748,47.17425,0
            -1.60722,47.17438,0
            -1.60696,47.17455,0
            -1.60688,47.17458,0
            -1.60682,47.17461,0
            -1.60623,47.17495,0
            -1.60618,47.17498,0
            -1.6061,47.17503,0
            -1.60471,47.17589,0
            -1.60457,47.17598,0
            -1.60418,47.17622,0
            -1.60412,47.17616,0
            -1.60408,47.17611,0
            -1.60404,47.17604,0
            -1.60388,47.17581,0
            -1.6037,47.17554,0
            -1.60343,47.1752,0
            -1.6033,47.17504,0
            -1.60321,47.17492,0
            -1.60296,47.17459,0
            -1.60295,47.17457,0
            -1.60287,47.17445,0
            -1.60276,47.17425,0
            -1.60274,47.1741,0
          </coordinates>
        </LineString>
      </Placemark>
      <Placemark>
        <name>Avenue du Général De Gaulle</name>
        <styleUrl>#icon-1899-DB4436-nodesc</styleUrl>
        <Point>
          <coordinates>
            -1.6191525,47.1779362,0
          </coordinates>
        </Point>
      </Placemark>
      <Placemark>
        <name>Rue Eugène Pottier</name>
        <styleUrl>#icon-1899-DB4436-nodesc</styleUrl>
        <Point>
          <coordinates>
            -1.6284069,47.1785394,0
          </coordinates>
        </Point>
      </Placemark>
      <Placemark>
        <name>Rue des Pêcheurs</name>
        <styleUrl>#icon-1899-DB4436-nodesc</styleUrl>
        <Point>
          <coordinates>
            -1.6342868,47.1866602,0
          </coordinates>
        </Point>
      </Placemark>
      <Placemark>
        <name>Rue de la Bouguinière</name>
        <styleUrl>#icon-1899-DB4436-nodesc</styleUrl>
        <Point>
          <coordinates>
            -1.6353918,47.1730552,0
          </coordinates>
        </Point>
      </Placemark>
      <Placemark>
        <name>Rue de la Couillauderie</name>
        <styleUrl>#icon-1899-DB4436-nodesc</styleUrl>
        <Point>
          <coordinates>
            -1.6343077,47.1655622,0
          </coordinates>
        </Point>
      </Placemark>
      <Placemark>
        <name>Rue Salvador Allende</name>
        <styleUrl>#icon-1899-DB4436-nodesc</styleUrl>
        <Point>
          <coordinates>
            -1.6239003,47.1718449,0
          </coordinates>
        </Point>
      </Placemark>
      <Placemark>
        <name>Rue de la Gagnerie</name>
        <styleUrl>#icon-1899-DB4436-nodesc</styleUrl>
        <Point>
          <coordinates>
            -1.6204156,47.1699431,0
          </coordinates>
        </Point>
      </Placemark>
      <Placemark>
        <name>Rue des Sencives</name>
        <styleUrl>#icon-1899-DB4436-nodesc</styleUrl>
        <Point>
          <coordinates>
            -1.602735,47.1740996,0
          </coordinates>
        </Point>
      </Placemark>
    </Folder>
  </Document>
</kml>
